adim,fuel,fan,sicaklik,o2,efficiency
0,12.0,1000.0,947.93,5.135,0.7319
1,12.02,1000.0,945.32,5.61,0.711
2,12.04,1000.0,942.43,5.963,0.696
3,12.06,1000.0,939.42,6.226,0.6859
4,12.08,1000.0,936.4,6.42,0.6793
5,12.1,1000.0,933.44,6.564,0.6751
6,12.12,1000.0,930.57,6.669,0.6725
7,12.14,1000.0,927.82,6.746,0.671
8,12.16,1000.0,925.2,6.801,0.6703
9,12.18,1000.0,922.71,6.84,0.67
10,12.2,1000.0,920.36,6.867,0.6702
11,12.22,1000.0,918.14,6.885,0.6705
12,12.24,1000.0,915.86,6.896,0.6711
13,12.261,1000.0,913.73,6.902,0.6719
14,12.281,1000.0,911.72,6.904,0.6726
15,12.301,1000.0,909.84,6.903,0.6735
16,12.321,1000.0,908.08,6.9,0.6743
17,12.341,1000.0,906.42,6.895,0.6752
18,12.361,1000.0,904.87,6.889,0.676
19,12.381,1000.0,903.42,6.883,0.6768
20,12.401,1000.0,902.07,6.875,0.6776
21,12.421,1000.0,900.8,6.867,0.6784
22,12.441,1000.0,899.61,6.859,0.6792
23,12.461,1000.0,898.5,6.85,0.68
24,12.481,1000.0,897.47,6.842,0.6807
25,12.501,1000.0,896.5,6.833,0.6814
26,12.521,1000.0,895.59,6.824,0.6821
27,12.541,1000.0,894.75,6.814,0.6828
28,12.561,1000.0,893.97,6.805,0.6834
29,12.581,1000.0,893.24,6.796,0.684
30,12.601,1000.0,892.55,6.787,0.6846
31,12.621,1000.0,891.92,6.777,0.6852
32,12.641,1000.0,891.33,6.768,0.6858
33,12.661,1000.0,890.79,6.758,0.6864
34,12.681,1000.0,890.28,6.749,0.6869
35,12.701,1000.0,889.81,6.74,0.6874
36,12.721,1000.0,889.37,6.73,0.688
37,12.741,1000.0,888.97,6.721,0.6885
38,12.762,1000.0,888.6,6.711,0.689
39,12.782,1000.0,888.26,6.702,0.6894
40,12.802,1000.0,887.95,6.692,0.6899
41,12.822,1000.0,887.66,6.683,0.6904
42,12.842,1000.0,887.39,6.673,0.6908
43,12.862,1000.0,887.15,6.664,0.6913
44,12.882,1000.0,886.94,6.655,0.6917
45,12.902,1000.0,886.74,6.645,0.6922
46,12.922,1000.0,886.56,6.636,0.6926
47,12.942,1000.0,886.4,6.626,0.693
48,12.962,1000.0,886.25,6.617,0.6934
49,12.982,1000.0,886.13,6.607,0.6938
50,13.002,1000.0,886.01,6.598,0.6942
51,13.022,1000.0,885.92,6.588,0.6946
52,13.042,1000.0,885.83,6.579,0.695
53,13.062,1000.0,885.76,6.57,0.6954
54,13.082,1000.0,885.7,6.56,0.6958
55,13.102,1000.0,885.66,6.551,0.6962
56,13.122,1000.0,885.62,6.541,0.6966
57,13.142,1000.0,885.59,6.532,0.6969
58,13.162,1000.0,885.58,6.522,0.6973
59,13.182,1000.0,885.57,6.513,0.6977
60,13.202,1000.0,885.57,6.503,0.6981
61,13.222,1000.0,885.58,6.494,0.6984
62,13.242,1000.0,885.6,6.485,0.6988
63,13.263,1000.0,885.62,6.475,0.6991
64,13.283,1000.0,885.65,6.466,0.6995
65,13.303,1000.0,885.69,6.456,0.6999
66,13.323,1000.0,885.74,6.447,0.7002
67,13.343,1000.0,885.79,6.437,0.7006
68,13.363,1000.0,885.85,6.428,0.7009
69,13.383,1000.0,885.91,6.418,0.7013
70,13.403,1000.0,885.97,6.409,0.7017
71,13.423,1000.0,886.05,6.399,0.702
72,13.443,1000.0,886.12,6.39,0.7024
73,13.463,1000.0,886.2,6.381,0.7027
74,13.483,1000.0,886.29,6.371,0.7031
75,13.503,1000.0,886.38,6.362,0.7034
76,13.523,1000.0,886.47,6.352,0.7038
77,13.543,1000.0,886.57,6.343,0.7041
78,13.563,1000.0,886.67,6.333,0.7045
79,13.583,1000.0,886.78,6.324,0.7048
80,13.603,1000.0,886.88,6.314,0.7052
81,13.623,1000.0,886.99,6.305,0.7055
82,13.643,1000.0,887.11,6.296,0.7059
83,13.663,1000.0,887.22,6.286,0.7062
84,13.683,1000.0,887.34,6.277,0.7066
85,13.703,1000.0,887.47,6.267,0.7069
86,13.723,1000.0,887.59,6.258,0.7073
87,13.743,1000.0,887.72,6.248,0.7076
88,13.764,1000.0,887.85,6.239,0.708
89,13.784,1000.0,887.98,6.229,0.7083
90,13.804,1000.0,888.11,6.22,0.7087
91,13.824,1000.0,888.25,6.21,0.709
92,13.844,1000.0,888.39,6.201,0.7094
93,13.864,1000.0,888.53,6.192,0.7097
94,13.884,1000.0,888.67,6.182,0.7101
95,13.904,1000.0,888.82,6.173,0.7104
96,13.924,1000.0,888.96,6.163,0.7108
97,13.944,1000.0,889.11,6.154,0.7112
98,13.964,1000.0,889.26,6.144,0.7115
99,13.984,1000.0,889.41,6.135,0.7119
100,14.004,1000.0,889.57,6.125,0.7122
101,14.024,1000.0,889.72,6.116,0.7126
102,14.044,1000.0,889.88,6.107,0.7129
103,14.064,1000.0,890.04,6.097,0.7133
104,14.084,1000.0,890.2,6.088,0.7136
105,14.104,1000.0,890.36,6.078,0.714
106,14.124,1000.0,890.52,6.069,0.7143
107,14.144,1000.0,890.69,6.059,0.7147
108,14.164,1000.0,890.85,6.05,0.715
109,14.184,1000.0,891.02,6.04,0.7154
110,14.204,1000.0,891.19,6.031,0.7158
111,14.224,1000.0,891.36,6.022,0.7161
112,14.244,1000.0,891.53,6.012,0.7165
113,14.265,1000.0,891.7,6.003,0.7168
114,14.285,1000.0,891.88,5.993,0.7172
115,14.305,1000.0,892.05,5.984,0.7175
116,14.325,1000.0,892.23,5.974,0.7179
117,14.345,1000.0,892.41,5.965,0.7183
118,14.365,1000.0,892.59,5.955,0.7186
119,14.385,1000.0,892.77,5.946,0.719
120,14.405,1000.0,892.95,5.936,0.7193
121,14.425,1000.0,893.13,5.927,0.7197
122,14.445,1000.0,893.32,5.918,0.7201
123,14.465,1000.0,893.5,5.908,0.7204
124,14.485,1000.0,893.69,5.899,0.7208
125,14.505,1000.0,893.88,5.889,0.7211
126,14.525,1000.0,894.07,5.88,0.7215
127,14.545,1000.0,894.26,5.87,0.7219
128,14.565,1000.0,894.45,5.861,0.7222
129,14.585,1000.0,894.64,5.851,0.7226
130,14.605,1000.0,894.84,5.842,0.7229
131,14.625,1000.0,895.03,5.833,0.7233
132,14.645,1000.0,895.23,5.823,0.7236
133,14.665,1000.0,895.43,5.814,0.724
134,14.685,1000.0,895.63,5.804,0.7244
135,14.705,1000.0,895.83,5.795,0.7247
136,14.725,1000.0,896.03,5.785,0.7251
137,14.745,1000.0,896.23,5.776,0.7254
138,14.766,1000.0,896.43,5.766,0.7258
139,14.786,1000.0,896.64,5.757,0.7262
140,14.806,1000.0,896.84,5.748,0.7265
141,14.826,1000.0,897.05,5.738,0.7269
142,14.846,1000.0,897.26,5.729,0.7272
143,14.866,1000.0,897.47,5.719,0.7276
144,14.886,1000.0,897.68,5.71,0.728
145,14.906,1000.0,897.89,5.7,0.7283
146,14.926,1000.0,898.1,5.691,0.7287
147,14.946,1000.0,898.31,5.681,0.729
148,14.966,1000.0,898.53,5.672,0.7294
149,14.986,1000.0,898.74,5.662,0.7298
150,15.006,1000.0,898.96,5.653,0.7301
151,15.026,1000.0,899.18,5.644,0.7305
152,15.046,1000.0,899.4,5.634,0.7308
153,15.066,1000.0,899.61,5.625,0.7312
154,15.086,1000.0,899.84,5.615,0.7315
155,15.106,1000.0,900.06,5.606,0.7319
156,15.126,1000.0,900.28,5.596,0.7322
157,15.146,1000.0,900.5,5.587,0.7326
158,15.166,1000.0,900.73,5.577,0.733
159,15.186,1000.0,900.95,5.568,0.7333
160,15.206,1000.0,901.18,5.559,0.7337
161,15.226,1000.0,901.41,5.549,0.734
162,15.246,1000.0,901.64,5.54,0.7344
163,15.267,1000.0,901.87,5.53,0.7347
164,15.287,1000.0,902.1,5.521,0.7351
165,15.307,1000.0,902.33,5.511,0.7354
166,15.327,1000.0,902.56,5.502,0.7358
167,15.347,1000.0,902.8,5.492,0.7361
168,15.367,1000.0,903.03,5.483,0.7365
169,15.387,1000.0,903.27,5.473,0.7368
170,15.407,1000.0,903.51,5.464,0.7372
171,15.427,1000.0,903.74,5.455,0.7375
172,15.447,1000.0,903.98,5.445,0.7379
173,15.467,1000.0,904.22,5.436,0.7382
174,15.487,1000.0,904.46,5.426,0.7386
175,15.507,1000.0,904.71,5.417,0.7389
176,15.527,1000.0,904.95,5.407,0.7392
177,15.547,1000.0,905.19,5.398,0.7396
178,15.567,1000.0,905.44,5.388,0.7399
179,15.587,1000.0,905.68,5.379,0.7403
180,15.607,1000.0,905.93,5.37,0.7406
181,15.627,1000.0,906.18,5.36,0.741
182,15.647,1000.0,906.42,5.351,0.7413
183,15.667,1000.0,906.67,5.341,0.7416
184,15.687,1000.0,906.92,5.332,0.742
185,15.707,1000.0,907.18,5.322,0.7423
186,15.727,1000.0,907.43,5.313,0.7426
187,15.747,1000.0,907.68,5.303,0.743
188,15.768,1000.0,907.93,5.294,0.7433
189,15.788,1000.0,908.19,5.285,0.7436
190,15.808,1000.0,908.44,5.275,0.744
191,15.828,1000.0,908.7,5.266,0.7443
192,15.848,1000.0,908.96,5.256,0.7446
193,15.868,1000.0,909.22,5.247,0.745
194,15.888,1000.0,909.48,5.237,0.7453
195,15.908,1000.0,909.73,5.228,0.7456
196,15.928,1000.0,910.0,5.218,0.7459
197,15.948,1000.0,910.26,5.209,0.7463
198,15.968,1000.0,910.52,5.199,0.7466
199,15.988,1000.0,910.78,5.19,0.7469
200,16.008,1000.0,911.05,5.181,0.7472
201,16.028,1000.0,911.31,5.171,0.7475
202,16.048,1000.0,911.58,5.162,0.7478
203,16.068,1000.0,911.84,5.152,0.7482
204,16.088,1000.0,912.11,5.143,0.7485
205,16.108,1000.0,912.38,5.133,0.7488
206,16.128,1000.0,912.65,5.124,0.7491
207,16.148,1000.0,912.92,5.114,0.7494
208,16.168,1000.0,913.19,5.105,0.7497
209,16.188,1000.0,913.46,5.096,0.75
210,16.208,1000.0,913.73,5.086,0.7503
211,16.228,1000.0,914.0,5.077,0.7506
212,16.248,1000.0,914.27,5.067,0.7509
213,16.269,1000.0,914.55,5.058,0.7512
214,16.289,1000.0,914.82,5.048,0.7515
215,16.309,1000.0,915.1,5.039,0.7518
216,16.329,1000.0,915.37,5.029,0.7521
217,16.349,1000.0,915.65,5.02,0.7524
218,16.369,1000.0,915.93,5.01,0.7527
219,16.389,1000.0,916.2,5.001,0.753
220,16.409,1000.0,916.48,4.992,0.7533
221,16.429,1000.0,916.76,4.982,0.7536
222,16.449,1000.0,917.04,4.973,0.7539
223,16.469,1000.0,917.32,4.963,0.7542
224,16.489,1000.0,917.6,4.954,0.7545
225,16.509,1000.0,917.88,4.944,0.7547
226,16.529,1000.0,918.17,4.935,0.755
227,16.549,1000.0,918.45,4.925,0.7553
228,16.569,1000.0,918.73,4.916,0.7556
229,16.589,1000.0,919.01,4.907,0.7559
230,16.609,1000.0,919.3,4.897,0.7561
231,16.629,1000.0,919.58,4.888,0.7564
232,16.649,1000.0,919.87,4.878,0.7567
233,16.669,1000.0,920.16,4.869,0.7569
234,16.689,1000.0,920.44,4.859,0.7572
235,16.709,1000.0,920.73,4.85,0.7575
236,16.729,1000.0,921.02,4.84,0.7577
237,16.749,1000.0,921.3,4.831,0.758
238,16.77,1000.0,921.59,4.822,0.7582
239,16.79,1000.0,921.88,4.812,0.7585
240,16.81,1000.0,922.17,4.803,0.7588
241,16.83,1000.0,922.46,4.793,0.759
242,16.85,1000.0,922.75,4.784,0.7593
243,16.87,1000.0,923.04,4.774,0.7595
244,16.89,1000.0,923.33,4.765,0.7598
245,16.91,1000.0,923.62,4.755,0.76
246,16.93,1000.0,923.91,4.746,0.7602
247,16.95,1000.0,924.2,4.736,0.7605
248,16.97,1000.0,924.5,4.727,0.7607
249,16.99,1000.0,924.79,4.718,0.761
250,17.01,1000.0,925.08,4.708,0.7612
251,17.03,1000.0,925.38,4.699,0.7614
252,17.05,1000.0,925.67,4.689,0.7617
253,17.07,1000.0,925.96,4.68,0.7619
254,17.09,1000.0,926.26,4.67,0.7621
255,17.11,1000.0,926.55,4.661,0.7623
256,17.13,1000.0,926.85,4.651,0.7626
257,17.15,1000.0,927.14,4.642,0.7628
258,17.17,1000.0,927.44,4.633,0.763
259,17.19,1000.0,927.73,4.623,0.7632
260,17.21,1000.0,928.03,4.614,0.7634
261,17.23,1000.0,928.32,4.604,0.7636
262,17.251,1000.0,928.62,4.595,0.7638
263,17.271,1000.0,928.91,4.585,0.764
264,17.291,1000.0,929.21,4.576,0.7642
265,17.311,1000.0,929.51,4.566,0.7644
266,17.331,1000.0,929.8,4.557,0.7646
267,17.351,1000.0,930.1,4.547,0.7648
268,17.371,1000.0,930.4,4.538,0.765
269,17.391,1000.0,930.69,4.529,0.7652
270,17.411,1000.0,930.99,4.519,0.7654
271,17.431,1000.0,931.29,4.51,0.7656
272,17.451,1000.0,931.58,4.5,0.7658
273,17.471,1000.0,931.88,4.491,0.766
274,17.491,1000.0,932.18,4.481,0.7661
275,17.511,1000.0,932.47,4.472,0.7663
276,17.531,1000.0,932.77,4.462,0.7665
277,17.551,1000.0,933.07,4.453,0.7667
278,17.571,1000.0,933.36,4.444,0.7668
279,17.591,1000.0,933.66,4.434,0.767
280,17.611,1000.0,933.96,4.425,0.7671
281,17.631,1000.0,934.25,4.415,0.7673
282,17.651,1000.0,934.55,4.406,0.7675
283,17.671,1000.0,934.85,4.396,0.7676
284,17.691,1000.0,935.14,4.387,0.7678
285,17.711,1000.0,935.44,4.377,0.7679
286,17.731,1000.0,935.74,4.368,0.7681
287,17.752,1000.0,936.03,4.359,0.7682
288,17.772,1000.0,936.33,4.349,0.7684
289,17.792,1000.0,936.62,4.34,0.7685
290,17.812,1000.0,936.92,4.33,0.7686
291,17.832,1000.0,937.21,4.321,0.7688
292,17.852,1000.0,937.51,4.311,0.7689
293,17.872,1000.0,937.8,4.302,0.769
294,17.892,1000.0,938.1,4.292,0.7692
295,17.912,1000.0,938.39,4.283,0.7693
296,17.932,1000.0,938.68,4.273,0.7694
297,17.952,1000.0,938.98,4.264,0.7695
298,17.972,1000.0,939.27,4.255,0.7696
299,17.992,1000.0,939.56,4.245,0.7698
300,18.012,1000.0,939.86,4.236,0.7699
301,18.032,1000.0,940.15,4.226,0.77
302,18.052,1000.0,940.44,4.217,0.7701
303,18.072,1000.0,940.73,4.207,0.7702
304,18.092,1000.0,941.02,4.198,0.7703
305,18.112,1000.0,941.31,4.188,0.7704
306,18.132,1000.0,941.6,4.179,0.7705
307,18.152,1000.0,941.89,4.17,0.7706
308,18.172,1000.0,942.18,4.16,0.7707
309,18.192,1000.0,942.47,4.151,0.7707
310,18.212,1000.0,942.76,4.141,0.7708
311,18.232,1000.0,943.05,4.132,0.7709
312,18.253,1000.0,943.33,4.122,0.771
313,18.273,1000.0,943.62,4.113,0.7711
314,18.293,1000.0,943.91,4.103,0.7711
315,18.313,1000.0,944.19,4.094,0.7712
316,18.333,1000.0,944.48,4.084,0.7713
317,18.353,1000.0,944.72,4.075,0.7713
318,18.373,1000.0,944.87,4.066,0.7715
319,18.393,1000.0,944.91,4.056,0.7716
320,18.413,1000.0,944.86,4.047,0.7719
321,18.433,1000.0,944.72,4.037,0.7721
322,18.453,1000.0,944.5,4.028,0.7724
323,18.473,1000.0,944.2,4.018,0.7728
324,18.493,1000.0,943.82,4.009,0.7731
325,18.513,1000.0,943.38,3.999,0.7735
326,18.533,1000.0,942.88,3.99,0.774
327,18.553,1000.0,942.32,3.981,0.7744
328,18.573,1000.0,941.69,3.971,0.7749
329,18.593,1000.0,941.02,3.962,0.7754
330,18.613,1000.0,940.3,3.952,0.7759
331,18.633,1000.0,939.53,3.943,0.7765
332,18.653,1000.0,938.71,3.933,0.777
333,18.673,1000.0,937.86,3.924,0.7776
334,18.693,1000.0,936.97,3.914,0.7782
335,18.713,1000.0,936.04,3.905,0.7788
336,18.733,1000.0,935.07,3.896,0.7794
337,18.754,1000.0,934.08,3.886,0.7801
338,18.774,1000.0,933.05,3.877,0.7807
339,18.794,1000.0,932.0,3.867,0.7814
340,18.814,1000.0,930.91,3.858,0.7821
341,18.834,1000.0,929.81,3.848,0.7827
342,18.854,1000.0,928.68,3.839,0.7834
343,18.874,1000.0,927.52,3.829,0.7841
344,18.894,1000.0,926.35,3.82,0.7848
345,18.914,1000.0,925.15,3.81,0.7855
346,18.934,1000.0,923.94,3.801,0.7863
347,18.954,1000.0,922.71,3.792,0.787
348,18.974,1000.0,921.46,3.782,0.7877
349,18.994,1000.0,920.19,3.773,0.7884
350,19.014,1000.0,918.91,3.763,0.7892
351,19.034,1000.0,917.62,3.754,0.7899
352,19.054,1000.0,916.31,3.744,0.7907
353,19.074,1000.0,914.99,3.735,0.7914
354,19.094,1000.0,913.65,3.725,0.7922
355,19.114,1000.0,912.31,3.716,0.7929
356,19.134,1000.0,910.95,3.707,0.7937
357,19.154,1000.0,909.58,3.697,0.7944
358,19.174,1000.0,908.2,3.688,0.7952
359,19.194,1000.0,906.81,3.678,0.796
360,19.214,1000.0,905.41,3.669,0.7967
361,19.234,1000.0,904.0,3.659,0.7975
362,19.255,1000.0,902.59,3.65,0.7983
363,19.275,1000.0,901.16,3.64,0.799
364,19.295,1000.0,899.73,3.631,0.7998
365,19.315,1000.0,898.29,3.621,0.8006
366,19.335,1000.0,896.84,3.612,0.8013
367,19.355,1000.0,895.39,3.603,0.8021
368,19.375,1000.0,893.92,3.593,0.8029
369,19.395,1000.0,892.45,3.584,0.8036
370,19.415,1000.0,890.98,3.574,0.8044
371,19.435,1000.0,889.5,3.565,0.8052
372,19.455,1000.0,888.01,3.555,0.8059
373,19.475,1000.0,886.51,3.546,0.8067
374,19.495,1000.0,885.01,3.536,0.8075
375,19.515,1000.0,883.5,3.527,0.8082
376,19.535,1000.0,881.99,3.518,0.809
377,19.555,1000.0,880.47,3.508,0.8098
378,19.575,1000.0,878.95,3.499,0.8105
379,19.595,1000.0,877.42,3.489,0.8113
380,19.615,1000.0,875.89,3.48,0.812
381,19.635,1000.0,874.35,3.47,0.8128
382,19.655,1000.0,872.81,3.461,0.8136
383,19.675,1000.0,871.26,3.451,0.8143
384,19.695,1000.0,869.7,3.442,0.8151
385,19.715,1000.0,868.14,3.433,0.8158
386,19.735,1000.0,866.58,3.423,0.8166
387,19.756,1000.0,865.01,3.414,0.8173
388,19.776,1000.0,863.44,3.404,0.8181
389,19.796,1000.0,861.86,3.395,0.8188
390,19.816,1000.0,860.28,3.385,0.8196
391,19.836,1000.0,858.69,3.376,0.8203
392,19.856,1000.0,857.1,3.366,0.8211
393,19.876,1000.0,855.51,3.357,0.8218
394,19.896,1000.0,853.91,3.347,0.8226
395,19.916,1000.0,852.3,3.338,0.8233
396,19.936,1000.0,850.69,3.329,0.824
397,19.956,1000.0,849.08,3.319,0.8248
398,19.976,1000.0,847.46,3.31,0.8255
399,19.996,1000.0,845.84,3.3,0.8263
400,20.016,1000.0,844.22,3.291,0.827
401,20.036,1000.0,842.58,3.281,0.8277
402,20.056,1000.0,840.95,3.272,0.8284
403,20.076,1000.0,839.31,3.262,0.8292
404,20.096,1000.0,837.67,3.253,0.8299
405,20.116,1000.0,836.02,3.244,0.8306
406,20.136,1000.0,834.37,3.234,0.8314
407,20.156,1000.0,832.71,3.225,0.8321
408,20.176,1000.0,831.05,3.215,0.8328
409,20.196,1000.0,829.39,3.206,0.8335
410,20.216,1000.0,827.72,3.196,0.8342
411,20.236,1000.0,826.04,3.187,0.8349
412,20.257,1000.0,824.36,3.177,0.8357
413,20.277,1000.0,822.68,3.168,0.8364
414,20.297,1000.0,821.0,3.159,0.8371
415,20.317,1000.0,819.31,3.149,0.8378
416,20.337,1000.0,817.61,3.14,0.8385
417,20.357,1000.0,815.91,3.13,0.8392
418,20.377,1000.0,814.21,3.121,0.8399
419,20.397,1000.0,812.5,3.111,0.8406
420,20.417,1000.0,810.79,3.102,0.8413
421,20.437,1000.0,809.07,3.092,0.842
422,20.457,1000.0,807.35,3.083,0.8427
423,20.477,1000.0,805.62,3.073,0.8434
424,20.497,1000.0,803.89,3.064,0.8441
425,20.517,1000.0,802.16,3.055,0.8448
426,20.537,1000.0,800.42,3.045,0.8455
427,20.557,1000.0,798.68,3.036,0.8461
428,20.577,1000.0,796.93,3.026,0.8468
429,20.597,1000.0,795.18,3.017,0.8475
430,20.617,1000.0,793.42,3.007,0.8482
431,20.637,1000.0,791.66,2.998,0.8489
432,20.657,1000.0,789.89,2.988,0.8495
433,20.677,1000.0,788.12,2.979,0.8502
434,20.697,1000.0,786.35,2.97,0.8509
435,20.717,1000.0,784.57,2.96,0.8516
436,20.737,1000.0,782.79,2.951,0.8522
437,20.758,1000.0,781.0,2.941,0.8529
438,20.778,1000.0,779.21,2.932,0.8536
439,20.798,1000.0,777.41,2.922,0.8543
440,20.818,1000.0,775.61,2.913,0.8549
441,20.838,1000.0,773.8,2.903,0.8556
442,20.858,1000.0,771.99,2.894,0.8562
443,20.878,1000.0,770.18,2.884,0.8569
444,20.898,1000.0,768.36,2.875,0.8576
445,20.918,1000.0,766.53,2.866,0.8582
446,20.938,1000.0,764.7,2.856,0.8589
447,20.958,1000.0,762.87,2.847,0.8595
448,20.978,1000.0,761.03,2.837,0.8602
449,20.998,1000.0,759.19,2.828,0.8608
450,21.018,1000.0,757.34,2.818,0.8615
451,21.038,1000.0,755.48,2.809,0.8621
452,21.058,1000.0,753.63,2.799,0.8628
453,21.078,1000.0,751.77,2.79,0.8634
454,21.098,1000.0,749.9,2.781,0.8641
455,21.118,1000.0,748.03,2.771,0.8647
456,21.138,1000.0,746.15,2.762,0.8654
457,21.158,1000.0,744.27,2.752,0.866
458,21.178,1000.0,742.38,2.743,0.8667
459,21.198,1000.0,740.49,2.733,0.8673
460,21.218,1000.0,738.6,2.724,0.8679
461,21.238,1000.0,736.7,2.714,0.8686
462,21.259,1000.0,734.79,2.705,0.8692
463,21.279,1000.0,732.88,2.696,0.8698
464,21.299,1000.0,730.97,2.686,0.8705
465,21.319,1000.0,729.05,2.677,0.8711
466,21.339,1000.0,727.12,2.667,0.8717
467,21.359,1000.0,725.19,2.658,0.8723
468,21.379,1000.0,723.26,2.648,0.873
469,21.399,1000.0,721.32,2.639,0.8736
470,21.419,1000.0,719.37,2.629,0.8742
471,21.439,1000.0,717.42,2.62,0.8748
472,21.459,1000.0,715.47,2.61,0.8755
473,21.479,1000.0,713.51,2.601,0.8761
474,21.499,1000.0,711.55,2.592,0.8767
475,21.519,1000.0,709.58,2.582,0.8773
476,21.539,1000.0,707.6,2.573,0.8779
477,21.559,1000.0,705.62,2.563,0.8785
478,21.579,1000.0,703.64,2.554,0.8792
479,21.599,1000.0,701.65,2.544,0.8798
480,21.619,1000.0,699.66,2.535,0.8804
481,21.639,1000.0,697.66,2.525,0.881
482,21.659,1000.0,695.66,2.516,0.8816
483,21.679,1000.0,693.65,2.507,0.8822
484,21.699,1000.0,691.63,2.497,0.8828
485,21.719,1000.0,689.61,2.488,0.8834
486,21.739,1000.0,687.59,2.478,0.884
487,21.76,1000.0,685.56,2.469,0.8846
488,21.78,1000.0,683.53,2.459,0.8852
489,21.8,1000.0,681.49,2.45,0.8858
490,21.82,1000.0,679.44,2.44,0.8864
491,21.84,1000.0,677.39,2.431,0.887
492,21.86,1000.0,675.34,2.421,0.8876
493,21.88,1000.0,673.28,2.412,0.8882
494,21.9,1000.0,671.22,2.403,0.8888
495,21.92,1000.0,669.15,2.393,0.8894
496,21.94,1000.0,667.07,2.384,0.89
497,21.96,1000.0,664.99,2.374,0.8906
498,21.98,1000.0,662.91,2.365,0.8912
499,22.0,1000.0,660.82,2.355,0.8918
