step,temp,u_rl,fuel,reward
0,1399.027617533889,0.15202215,16.202022153139115,-6.61745977800224
1,1396.1132869320015,0.2,16.452022156119348,-7.38867133660217
2,1392.0536665194522,0.2,16.70202215909958,-7.7946333778570995
3,1387.498499328478,0.2,16.952022162079814,-8.250150096954531
4,1382.952817192984,0.2,17.202022165060047,-8.704718310503928
5,1378.79559910668,0.2,17.45202216804028,-9.120440119134333
6,1375.3010720609525,0.2,17.702022171020513,-9.469892823707074
7,1372.6577709429337,0.2,17.952022174000746,-9.734222935508956
8,1370.9841699019141,0.2,18.20202217698098,-9.901583039610909
9,1370.3410791483816,0.2,18.45202217996121,-9.965892114964163
10,1370.7414170217965,0.2,18.702022182941445,-9.925858327622677
11,1372.1580071116255,0.2,18.952022185921678,-9.784199318639775
12,1375.7412796530623,0.12888312,19.130905309319505,-8.714703268672043
13,1381.4414050878822,-0.06570379,19.015201522409924,-7.51289736030758
14,1388.7400621804018,-0.2,18.76520151942969,-8.125993811762147
15,1397.149878341963,-0.2,18.51520151644946,-7.285012195606033
16,1406.277875016436,-0.2,18.265201513469226,-6.372212528158729
17,1415.7967542069018,-0.2,18.015201510488993,-5.42032460911214
18,1425.4270127494344,-0.2,17.76520150750876,-4.45729875485888
19,1434.9265488905314,-0.2,17.515201504528527,-3.5073451407491802
20,1444.0850811787893,-0.2,17.265201501548294,-2.59149191192339
21,1452.7214135892812,-0.2,17.01520149856806,-2.272141388730438
22,1460.6821872994817,-0.2,16.765201495587828,-3.0682187597504935
23,1467.841228424117,-0.2,16.515201492607595,-3.7841228722140157
24,1473.6825331083662,-0.2,16.265201489627362,-4.368253340638944
25,1476.612645107267,-0.2,16.11520148664713,-4.661264540529032
26,1476.200003730568,-0.2,15.965201483666899,-4.620000402859114
27,1472.9939927460734,-0.08197821,15.93322327435017,-3.1191813677746496
28,1467.8458807171537,0.2,16.183223277330402,-3.784588101517693
29,1461.448704981869,0.2,16.433223280310635,-3.144870527989224
30,1454.3238750100968,0.2,16.683223283290868,-2.432387530812002
31,1446.8589458246001,0.2,16.9332232862711,-2.314105447342308
32,1439.3367954701673,0.2,17.183223289251334,-3.0663204827855908
33,1431.9576252131565,0.2,17.433223292231567,-3.8042375084866764
34,1424.8554657712164,0.2,17.6832232952118,-4.514453452680687
35,1418.1106502735604,0.2,17.933223298192033,-5.188935002446283
36,1411.7593940959564,0.2,18.183223301172266,-5.824060620206684
37,1406.3929128596506,0.2,18.4332233041525,-6.360708743837267
38,1401.940649930422,0.2,18.68322330713273,-6.805935036760116
39,1399.0236667673612,0.2,18.933223310112965,-7.097633353066204
40,1399.2049678702624,0.2,19.183223313093198,-7.079503242776082
41,1402.0673568247519,0.0006418936,19.133865206688654,-4.799683253479384
42,1407.0185385689917,-0.2,18.88386520370842,-6.298146172903148
43,1413.4799925294408,-0.2,18.633865200728188,-5.6520007768582445
44,1420.9926277088978,-0.2,18.383865197747955,-4.900737258912546
45,1429.1800739636253,-0.2,18.133865194767722,-4.081992633439791
46,1437.7248129139011,-0.2,17.88386519178749,-3.2275187384122095
47,1446.3536583504042,-0.2,17.633865188807256,-2.3646341947619023
48,1454.8295081913702,-0.2,17.383865185827023,-2.482950848939345
49,1462.947000257324,-0.2,17.13386518284679,-3.2947000555347135
50,1470.53037992475,-0.2,16.883865179866557,-4.053038022277315
51,1477.4324356797922,-0.2,16.633865176886324,-4.743243597781543
52,1483.533772798426,-0.2,16.38386517390609,-5.35337730964493
53,1487.0021725134625,-0.2,16.13386517092586,-5.700217281148571
54,1486.9647655793697,-0.2,15.983865167945627,-5.696476587739289
55,1483.939092410874,-0.12864402,15.905221148580317,-4.680349434740515
56,1478.720563813956,0.12264209,16.077863240987067,-4.098477305463097
57,1472.0616403387794,0.2,16.3278632439673,-4.206164063680262
58,1464.5430730015305,0.2,16.577863246947533,-3.4543073299553724
59,1456.5978164146231,0.2,16.827863249927766,-2.6597816712646365
60,1448.5436006152784,0.2,17.077863252908,2.8543600317255144
61,1440.6076459220812,0.2,17.327863255888232,-2.939235437594198
62,1432.9451998045859,0.2,17.577863258868465,-3.7054800493437368
63,1425.6534767827673,0.2,17.827863261848698,-4.434652351525597
64,1418.78227538009,0.2,18.07786326482893,-5.121772491793331
65,1412.3422350309659,0.2,18.327863267809164,-5.765776526705736
66,1406.906736775454,0.2,18.577863270789397,-6.309326352256926
67,1402.8161416134187,0.2,18.82786327376963,-6.718385868460451
68,1401.4613533632948,0.2,19.077863276749863,-6.853864693472838
69,1402.989508537797,0.14112669,19.168989969044937,-6.1123160691710385
70,1406.8611859942246,-0.17318684,18.945803130418074,-6.045749786846159
71,1412.4618365312713,-0.2,18.69580312743784,-5.753816376675195
72,1419.2913502083625,-0.2,18.44580312445761,-5.070865008966075
73,1426.9438726694164,-0.2,18.195803121477375,-4.3056127628606875
74,1435.0800495666726,-0.2,17.945803118497142,-3.491995073135058
75,1443.4097044127418,-0.2,17.69580311551691,-2.659029588528142
76,1451.681708617181,-0.2,17.445803112536677,2.831829108479587
77,1459.678452079809,-0.2,17.195803109556444,-2.967845237783217
78,1467.2130190642222,-0.2,16.94580310657621,-3.7213019362245405
79,1474.1277635761078,-0.2,16.695803103595978,-4.412776387413101
80,1480.293433619077,-0.2,16.445803100615745,-5.029343391710018
81,1484.682006518642,-0.2,16.195803097635512,-5.468200681666531
82,1485.6555765934588,-0.2,16.04580309465528,-5.565557689148204
83,1483.4620940289483,-0.2,15.895803091675049,-5.346209432697151
84,1478.824568207076,0.05388105,15.999684140831238,-3.4212673122694923
85,1472.5453351122674,0.2,16.24968414381147,-4.254533541029059
86,1465.2546373569664,0.2,16.499684146791704,-3.5254637654989667
87,1457.4240059506885,0.2,16.749684149771937,-2.7424006248711748
88,1449.4013605356843,0.2,16.99968415275217,2.9401360237661036
89,1441.4378171680066,0.2,17.249684155732403,-2.8562183130016594
90,1433.7078175712682,0.2,17.499684158712636,-3.6292182726755073
91,1426.3242315943562,0.2,17.74968416169287,-4.367576870366702
92,1419.349803034579,0.2,17.999684164673102,-5.065019726344417
93,1412.8059877429275,0.2,18.249684167653335,-5.71940125550957
94,1407.2731860552842,0.2,18.499684170633568,-6.272681424273901
95,1402.6702007395959,0.2,18.7496841736138,-6.732979955842734
96,1400.4344212072313,0.2,18.999684176594034,-6.956557909079198
97,1401.1894632216652,0.2,19.149684179574265,-6.8810537076358065
98,1404.4469738983832,-0.08645288,19.013231300562634,-5.419831400277985
99,1409.6080461692072,-0.2,18.7632312975824,-6.0391954128815994
100,1416.1355860938556,-0.2,18.513231294602168,-5.386441420416759
101,1423.597976476543,-0.2,18.263231291621935,-4.640202382148027
102,1431.6374894468327,-0.2,18.013231288641702,-3.8362510851190565
103,1439.9501559299679,-0.2,17.76323128566147,-3.0049844368055347
104,1448.2737374570581,-0.2,17.513231282681236,2.827373715903491
105,1456.3810018963038,-0.2,17.263231279701003,-2.6381002194327037
106,1464.0762086380505,-0.2,17.01323127672077,-3.4076208936073726
107,1471.1933351054745,-0.2,16.763231273740537,-4.119333540349771
108,1477.5950710090085,-0.2,16.513231270760304,-4.759507130703174
109,1482.5868382889892,-0.2,16.26323126778007,-5.258683858701238
110,1484.6342131616414,-0.2,16.11323126479984,-5.463421345966458
111,1483.4285888998695,-0.2,15.963231261819608,-5.342858919789274
112,1479.5772979540473,-0.031662315,15.981568946689375,-3.2743529467070633
113,1473.9085605625044,0.2,16.231568949669608,-4.390856086052759
114,1467.0903600557047,0.2,16.48156895264984,-3.7090360353727876
115,1459.6242076110007,0.2,16.731568955630074,-2.962420790902388
116,1451.8817234298892,0.2,16.981568958610307,2.8118276272087543
117,1444.1328139623533,0.2,17.23156896159054,-2.5867186335669885
118,1436.5669124104568,0.2,17.481568964570773,-3.3433087887566444
119,1429.308935373475,0.2,17.731568967551006,-4.06910649245483
120,1422.4313698475285,0.2,17.98156897053124,-4.756863045049476
121,1415.963588425998,0.2,18.23156897351147,-5.403641187202515
122,1410.4921629880766,0.2,18.481568976491705,-5.950783730994658
123,1405.94107532716,0.2,18.731568979471938,-6.405892497086325
124,1403.2328691310274,0.2,18.98156898245217,-6.67671311669958
125,1403.5526041040725,0.2,19.131568985432402,-6.644739619395068
126,1406.4144789490858,-0.074893236,19.006675749272123,-5.1074844666942
127,1411.2215560512714,-0.2,18.75667574629189,-5.877844424675186
128,1417.4309391479849,-0.2,18.506675743311657,-5.256906115003835
129,1424.6062510463942,-0.2,18.256675740331424,-4.539374925162907
130,1432.3858732512238,-0.2,18.00667573735119,-3.761412704679947
131,1440.4626508995932,-0.2,17.75667573437096,-2.9537349398430024
132,1448.571725223939,-0.2,17.506675731390725,2.857172492591576
133,1456.4836965434886,-0.2,17.256675728410492,-2.64836968415118
134,1464.001019512535,-0.2,17.00667572543026,-3.400101981055832
135,1470.9561577484778,-0.2,16.756675722450026,-4.095615804650106
136,1477.2105201096504,-0.2,16.506675719469794,-4.721052040767359
137,1482.0687047393574,-0.2,16.25667571648956,-5.20687050373806
138,1484.0630233376185,-0.2,16.10667571350933,-5.406302363564169
139,1482.810549524325,-0.2,15.956675710529098,-5.281054982234832
140,1478.9256367272837,-0.026317675,15.980358035862455,-3.155740419394806
141,1473.2347289037937,0.2,16.230358038842688,-4.32347292018169
142,1466.4030466831089,0.2,16.48035804182292,-3.6403046981132094
143,1458.9299182482323,0.2,16.730358044803154,-2.892991854625552
144,1451.1852682021524,0.2,16.980358047783387,2.881473149982435
145,1443.4376977613072,0.2,17.23035805076362,-2.6562302536716063
146,1435.8756415770351,0.2,17.480358053743853,-3.4124358720988086
147,1428.623257306092,0.2,17.730358056724086,-4.137674299193122
148,1421.7524603945972,0.2,17.98035805970432,-4.8247539903426055
149,1415.2921989599529,0.2,18.23035806268455,-5.470780133807034
150,1409.8286719336852,0.2,18.480358065664785,-6.017132836433802
151,1405.2856630027215,0.2,18.730358068645018,-6.471433729530168
152,1402.6178748750237,0.2,18.98035807162525,-6.738212542299948
153,1402.9752434964612,0.2,19.130358074605482,-6.702475680156204
154,1405.8735616231218,-0.07139385,19.008964227139966,-5.1265823123429755
155,1410.7175098977882,-0.2,18.758964224159733,-5.928249040023502
156,1416.9635023292055,-0.2,18.5089642211795,-5.303649796881769
157,1424.1747759919772,-0.2,18.258964218199267,-4.5825224306046035
158,1431.9895163394751,-0.2,18.008964215219034,-3.801048395854809
159,1440.1004784832076,-0.2,17.7589642122388,-2.9899521814815673
160,1448.2427638474837,-0.2,17.50896420925857,2.8242763549460506
161,1456.1869490139077,-0.2,17.258964206278335,-2.6186949311930903
162,1463.7354623577482,-0.2,17.008964203298103,-3.373546265577147
163,1470.7207305575419,-0.2,16.75896420031787,-4.072073085556508
164,1477.004113412136,-0.2,16.508964197337637,-4.700411371015912
165,1481.890078233521,-0.2,16.258964194357404,-5.189007853154431
166,1483.9307591410072,-0.2,16.108964191377172,-5.393075943903046
167,1482.7208029946005,-0.2,15.95896418839694,-5.272080329262371
168,1478.8699756398967,-0.02979051,15.979173678904782,-3.1849026589112555
169,1473.2058094006325,0.2,16.229173681885015,-4.320580969865569
170,1466.395077346304,0.2,16.47917368486525,-3.639507764432733
171,1458.9383424837733,0.2,16.72917368784548,-2.893834278179656
172,1451.2065087391663,0.2,16.979173690825714,2.879349096281044
173,1443.4689581233595,0.2,17.229173693805947,-2.6531042174663755
174,1435.9147534092701,0.2,17.47917369678618,-3.408524688875309
175,1428.6685626288865,0.2,17.729173699766413,-4.133143766913667
176,1421.8027197879126,0.2,17.979173702746646,-4.819728051011066
177,1415.3465187816937,0.2,18.22917370572688,-5.465348151632952
178,1409.8864198011702,0.2,18.479173708707112,-6.011358049685305
179,1405.3464447312263,0.2,18.729173711687345,-6.465355556679697
180,1402.6604134469296,0.2,18.979173714667578,-6.73395868510936
181,1403.0010295213492,0.2,19.12917371764781,-6.699897077667401
182,1405.8845721897828,-0.07002015,19.00915357097985,-5.11174424770129
183,1410.716176540567,-0.2,18.75915356799962,-5.9283823757456275
184,1416.9517962637478,-0.2,18.509153565019385,-5.304820403427539
185,1424.1543277638366,-0.2,18.259153562039153,-4.584567253418664
186,1431.961701821769,-0.2,18.00915355905892,-3.803829847625411
187,1440.0664783399686,-0.2,17.759153556078687,-2.9933521958054596
188,1448.2036037996456,-0.2,17.509153553098454,2.8203603501622414
189,1456.1435269667136,-0.2,17.25915355011822,-2.6143527264736806
190,1463.688566923021,-0.2,17.009153547137988,-3.36885672210442
191,1470.6710541677833,-0.2,16.759153544157755,-4.0671054465806495
192,1476.9522621791252,-0.2,16.509153541177522,-4.695226247714846
193,1481.836577095307,-0.2,16.25915353819729,-5.183657739333012
194,1483.8839670747802,-0.2,16.109153535217057,-5.388396737280345
195,1482.680256105801,-0.2,15.959153532236826,-5.268025640382416
196,1478.8346048763394,-0.030242205,15.978911327570689,-3.18588253429532
197,1473.1746773423092,0.2,16.228911330550922,-4.317467764033244
198,1466.3674303446137,0.2,16.478911333531155,-3.636743064263692
199,1458.9135737688193,0.2,16.728911336511388,-2.891357406684256
200,1451.1841294978778,0.2,16.97891133949162,2.881587020409893
201,1443.4485754377572,0.2,17.228911342471854,-2.6551424860266026
202,1435.8960535129956,0.2,17.478911345452087,-3.4103946785027572
203,1428.6512980930888,0.2,17.72891134843232,-4.13487022049344
204,1421.7866995366928,0.2,17.978911351412552,-4.821330076133041
205,1415.3316001123776,0.2,18.228911354392785,-5.466840018564563
206,1409.872494706111,0.2,18.47891135737302,-6.012750559191227
207,1405.3334420947708,0.2,18.72891136035325,-6.466655820325241
208,1402.6455468042316,0.2,18.978911363333484,-6.735445349379165
209,1402.9844705356493,0.2,19.128911366313716,-6.701552976237394
210,1405.8666444554528,-0.06963047,19.009280899912138,-5.109640218470486
211,1410.6973503855086,-0.2,18.759280896931905,-5.930264991251466
212,1416.9324301448723,-0.2,18.509280893951672,-5.306757015315089
213,1424.1347021420843,-0.2,18.25928089097144,-4.586529815593895
214,1431.9420423662073,-0.2,18.009280887991206,-3.8057957931815967
215,1440.0469709774889,-0.2,17.759280885010973,-2.995302932053437
216,1448.1844040538112,-0.2,17.50928088203074,2.8184403755788026
217,1456.1247655501518,-0.2,17.259280879050507,-2.6124765848175002
218,1463.670353026327,-0.2,17.009280876070275,-3.3670353324350115
219,1470.6534774440845,-0.2,16.75928087309004,-4.065347774210773
220,1476.9353940807841,-0.2,16.50928087010981,-4.693539437880736
221,1481.8204685137132,-0.2,16.259280867129576,-5.182046881173642
222,1483.8708853285887,-0.2,16.109280864149344,-5.387088562661188
223,1482.6699669916322,-0.2,15.959280861169113,-5.266996728965546
224,1478.8265830689293,-0.030461114,15.978819747269167,-3.187269445892389
225,1473.1684639929204,0.2,16.2288197502494,-4.316846429094358
226,1466.362661208522,0.2,16.478819753229633,-3.6362661506545235
227,1458.9099599741057,0.2,16.728819756209866,-2.8909960272128954
228,1451.1814421921238,0.2,16.9788197591901,2.8818557509853004
229,1443.4466339219716,0.2,17.228819762170332,-2.65533663760516
230,1435.894716150709,0.2,17.478819765150565,-3.4105284147314254
231,1428.6504553141535,0.2,17.728819768130798,-4.1349544983869695
232,1421.7862683824435,0.2,17.97881977111103,-4.8213731915579725
233,1415.3315199007977,0.2,18.228819774091264,-5.466848039722549
234,1409.8727212956433,0.2,18.478819777071497,-6.012727900237997
235,1405.3339472623065,0.2,18.72881978005173,-6.466605303571669
236,1402.644986153619,0.2,18.978819783031962,-6.735501414440432
237,1402.9829342488806,0.2,19.128819786012194,-6.7017066049142615
238,1405.864267477744,-0.06951044,19.009309348464033,-5.1086776277071975
239,1410.694310201902,-0.2,18.7593093454838,-5.930569009612123
240,1416.9288670054473,-0.2,18.509309342503567,-5.307113329257595
241,1424.1307295068523,-0.2,18.259309339523334,-4.586927079117094
242,1431.9377542289092,-0.2,18.0093093365431,-3.8062246069114054
243,1440.0424467699117,-0.2,17.759309333562868,-2.9957553528111474
244,1448.1797118299187,-0.2,17.509309330582635,2.8179711531895464
245,1456.1199640189695,-0.2,17.259309327602402,-2.6119964316992763
246,1463.6654928549985,-0.2,17.00930932462217,-3.3665493153021773
247,1470.6486021253231,-0.2,16.759309321641936,-4.064860242334635
248,1476.9305405602204,-0.2,16.509309318661703,-4.693054085824361
249,1481.8156670235207,-0.2,16.25930931568147,-5.181566732154398
250,1483.8668496513258,-0.2,16.10930931270124,-5.3866849949349
251,1482.66664018284,-0.2,15.959309309721007,-5.266664048086318
252,1478.823836093846,-0.030515172,15.97879413813354,-3.1875353252592733
253,1473.1661839913759,0.2,16.228794141113774,-4.316618428939909
254,1466.3607582030302,0.2,16.478794144094007,-3.63607585010534
255,1458.9083622370713,0.2,16.72879414707424,-2.890836253509451
256,1451.1800925689456,0.2,16.978794150054473,2.881990713303116
257,1443.4454870012066,0.2,17.228794153034706,-2.6554513296816595
258,1435.893736102575,0.2,17.47879415601494,-3.4106264195448146
259,1428.6496142300252,0.2,17.72879415899517,-4.1350386067997995
260,1421.7855449804672,0.2,17.978794161975404,-4.821445531755604
261,1415.3308984954417,0.2,18.228794164955637,-5.466910180258151
262,1409.8721903064377,0.2,18.47879416793587,-6.0127809991585535
263,1405.3334992028467,0.2,18.728794170916103,-6.4666501095176505
264,1402.6442885394888,0.2,18.978794173896336,-6.735571175853443
265,1402.9820087664625,0.2,19.128794176876568,-6.701799153156071
266,1405.863149306311,-0.06947499,19.009319189190887,-5.108434946225702
267,1410.693047435963,-0.2,18.759319186210654,-5.9306952862060145
268,1416.9274971105622,-0.2,18.50931918323042,-5.307250318746105
269,1424.129282403195,-0.2,18.259319180250188,-4.58707178948282
270,1431.9362544309517,-0.2,18.009319177269955,-3.8063745867071477
271,1440.0409147992134,-0.2,17.759319174289722,-2.9959085498809825
272,1448.1781651146634,-0.2,17.50931917130949,2.817816481664022
273,1456.118417453103,-0.2,17.259319168329256,-2.6118417751126115
274,1463.6639591445025,-0.2,17.009319165349023,-3.3663959442525764
275,1470.6470920103386,-0.2,16.75931916236879,-4.064709230836184
276,1476.9290629716538,-0.2,16.509319159388557,-4.692906326967705
277,1481.8142289591292,-0.2,16.259319156408324,-5.181422925715243
278,1483.8656598784223,-0.2,16.109319153428093,-5.3865660176445544
279,1482.6656798648014,-0.2,15.959319150447861,-5.266568016282463
280,1478.8230627739458,-0.030532908,15.978786242753284,-3.187635354340364
281,1473.1655605592327,0.2,16.228786245733517,-4.316556085725598
282,1466.3602551362767,0.2,16.47878624871375,-3.6360255434299917
283,1458.907956062016,0.2,16.728786251693982,-2.8907956360039178
284,1451.1797646350717,0.2,16.978786254674215,2.8820235066905067
285,1443.445222535902,0.2,17.22878625765445,-2.655477776212115
286,1435.8935234879602,0.2,17.47878626063468,-3.4106476810062984
287,1428.6494444468694,0.2,17.728786263614914,-4.135055585115379
288,1421.7854111746533,0.2,17.978786266595147,-4.821458912336993
289,1415.330795633146,0.2,18.22878626957538,-5.466920466487727
290,1409.8721146975095,0.2,18.478786272555613,-6.012788560051376
291,1405.3334484731022,0.2,18.728786275535846,-6.466655182492104
292,1402.644153681685,0.2,18.97878627851608,-6.735584661633811
293,1402.9817969896942,0.2,19.12878628149631,-6.701820330832902
294,1405.8628718374023,-0.06946433,19.009321948140883,-5.10835614981404
295,1410.692719334481,-0.2,18.75932194516065,-5.930728096354233
296,1416.9271301903445,-0.2,18.509321942180417,-5.307287010767869
297,1424.1288861592272,-0.2,18.259321939200184,-4.587111413879597
298,1431.935836685644,-0.2,18.00932193621995,-3.8064163612379165
299,1440.0404821319391,-0.2,17.75932193323972,-2.9959518166084083
300,1448.1777231377714,-0.2,17.509321930259485,2.8177722839748185
301,1456.1179709856867,-0.2,17.259321927279252,-2.611797128370995
302,1463.6635123218273,-0.2,17.00932192429902,-3.366351261985051
303,1470.646648355333,-0.2,16.759321921318787,-4.0646648653356126
304,1476.9286254459655,-0.2,16.509321918338554,-4.692862574398873
305,1481.8137999362305,-0.2,16.25932191535832,-5.181380023425367
306,1483.865302388341,-0.2,16.10932191237809,-5.38653026863642
307,1482.665388528062,-0.2,15.959321909397858,-5.266538882608529
308,1478.8228255193494,-0.03053793,15.978783980011958,-3.187661845793946
309,1473.1653668256652,0.2,16.22878398299219,-4.316536712368839
310,1466.3600965063852,0.2,16.478783985972424,-3.6360096804408384
311,1458.9078258285583,0.2,16.728783988952657,-2.890782612658154
312,1451.1796574558384,0.2,16.97878399193289,2.882034224613835
313,1443.4451341675813,0.2,17.228783994913123,-2.655486613044195
314,1435.8934505825096,0.2,17.478783997893355,-3.4106549715513665
315,1428.6493843948801,0.2,17.72878400087359,-4.135061590314308
316,1421.7853619831608,0.2,17.97878400385382,-4.821463831486245
317,1415.3307558283598,0.2,18.228784006834054,-5.466924446966345
318,1409.8720831890435,0.2,18.478784009814287,-6.012791710897978
319,1405.3334245474573,0.2,18.72878401279452,-6.466657575056593
320,1402.6441064367027,0.2,18.978784015774753,-6.735589386132051
321,1402.9817284296782,0.2,19.128784018754985,-6.701827186834499
322,1405.8627851387766,-0.06946124,19.009322777390505,-5.108333899767127
323,1410.6926187933764,-0.2,18.759322774410272,-5.930738150464686
324,1416.9270191682544,-0.2,18.50932277143004,-5.307298112976878
325,1424.1287673516726,-0.2,18.259322768449806,-4.587123294635058
326,1431.935712309077,-0.2,18.009322765469573,-3.8064287988946264
327,1440.0403540475836,-0.2,17.75932276248934,-2.9959646250439618
328,1448.1775929308697,-0.2,17.509322759509107,2.8177592632846427
329,1456.1178400151025,-0.2,17.259322756528874,-2.6117840313125726
330,1463.6633817510544,-0.2,17.00932275354864,-3.3663382049077653
331,1470.646519172597,-0.2,16.75932275056841,-4.064651947062021
332,1476.9284984785077,-0.2,16.509322747588175,-4.692849877653089
333,1481.8136758410399,-0.2,16.259322744607942,-5.181367613906309
334,1483.8651994227616,-0.2,16.10932274162771,-5.386519972078486
335,1482.6653050964078,-0.2,15.95932273864748,-5.266530539443101
336,1478.8227580056723,-0.030539446,15.978783293068428,-3.1876702563577513
337,1473.1653120697938,0.2,16.22878329604866,-4.316531236781703
338,1466.3600519945212,0.2,16.478783299028894,-3.6360052292544425
339,1458.9077895620703,0.2,16.728783302009127,-2.8907789860093542
340,1451.179627846902,0.2,16.97878330498936,2.882037185507488
341,1443.4451099587448,0.2,17.228783307969593,-2.6554890339278474
342,1435.8934307851973,0.2,17.478783310949826,-3.41065695128259
343,1428.6493682421292,0.2,17.72878331393006,-4.135063205589404
344,1421.7853488927856,0.2,17.97878331691029,-4.821465140523765
345,1415.3307453736568,0.2,18.228783319890525,-5.466925492436644
346,1409.8720750577804,0.2,18.478783322870758,-6.01279252402428
347,1405.333418540091,0.2,18.72878332585099,-6.466658175793214
348,1402.644093237683,0.2,18.978783328831224,-6.735590706034031
349,1402.9817086576136,0.2,19.128783331811455,-6.701829164040965
350,1405.8627597573168,-0.069460325,19.00932300686839,-5.108327273698978
351,1410.6925890950176,-0.2,18.759323003888156,-5.930741120300558
352,1416.9269861656796,-0.2,18.509323000907923,-5.307301413234359
353,1424.1287318576433,-0.2,18.25932299792769,-4.587126844037994
354,1431.9356749922188,-0.2,18.009322994947457,-3.8064325305804463
355,1440.0403154695264,-0.2,17.759322991967224,-2.9959684828496846
356,1448.177553570161,-0.2,17.50932298898699,2.817755327213786
357,1456.1178002823015,-0.2,17.259322986006758,-2.611780058032468
358,1463.6633419982606,-0.2,17.009322983026525,-3.3663342296283876
359,1470.646479699687,-0.2,16.759322980046292,-4.064647999771023
360,1476.928459537585,-0.2,16.50932297706606,-4.692845983560824
361,1481.8136376344507,-0.2,16.259322974085826,-5.181363793247397
362,1483.8651673718089,-0.2,16.109322971105595,-5.38651676698321
363,1482.6652787389835,-0.2,15.959322968125363,-5.266527903700672
364,1478.8227362646617,-0.030539908,15.978783060610315,-3.1876727016166573
365,1473.1652940066426,0.2,16.228783063590548,-4.316529430466585
366,1466.3600368648079,0.2,16.47878306657078,-3.636003716283108
367,1458.9077767757947,0.2,16.728783069551014,-2.8907777073817895
368,1451.179616937082,0.2,16.978783072531247,2.88203827648947
369,1443.4451005573353,0.2,17.22878307551148,-2.6554899740687916
370,1435.893422604763,0.2,17.478783078491713,-3.410657769326031
371,1428.6493610618177,0.2,17.728783081471946,-4.135063923620555
372,1421.7853425474298,0.2,17.97878308445218,-4.821465775059346
373,1415.3307397451213,0.2,18.22878308743241,-5.466926055290196
374,1409.8720700619244,0.2,18.478783090412644,-6.01279302360988
375,1405.333414127282,0.2,18.728783093392877,-6.466658617074131
376,1402.644086580059,0.2,18.97878309637311,-6.735591371796431
377,1402.981699952315,0.2,19.128783099353342,-6.701830034570821
378,1405.8627493195372,-0.06946001,19.00932308733466,-5.108325188233084
379,1410.6925773527246,-0.2,18.759323084354428,-5.930742294529864
380,1416.9269734519883,-0.2,18.509323081374195,-5.3073026846034965
381,1424.1287184382184,-0.2,18.25932307839396,-4.587128185980487
382,1431.9356610843647,-0.2,18.00932307541373,-3.8064339213658513
383,1440.0403012548536,-0.2,17.759323072433496,-2.9959699043169623
384,1448.1775392027023,-0.2,17.509323069453263,2.817753890467907
385,1456.1177858935987,-0.2,17.25932306647303,-2.611778619162192
386,1463.6633277005453,-0.2,17.009323063492797,-3.366332799856855
387,1470.6464655879383,-0.2,16.759323060512564,-4.0646465885961565
388,1476.9284456909836,-0.2,16.50932305753233,-4.692844598900683
389,1481.8136241155744,-0.2,16.259323054552098,-5.181362441359761
390,1483.8651560254489,-0.2,16.109323051571867,-5.386515632347209
391,1482.6652694012578,-0.2,15.959323048591635,-5.266526969928099
392,1478.8227285586909,-0.030540068,15.978782980889104,-3.1876735328944052
393,1473.1652876038663,0.2,16.228782983869337,-4.316528790188954
394,1466.3600315043232,0.2,16.47878298684957,-3.6360031802346384
395,1458.9077722505483,0.2,16.728782989829803,-2.890777254857153
396,1451.1796130829416,0.2,16.978782992810036,2.8820386619035165
397,1443.445097244701,0.2,17.22878299579027,-2.655490305332228
398,1435.8934197321794,0.2,17.4787829987705,-3.410658056584384
399,1428.6493585510796,0.2,17.728783001750735,-4.135064174694367
400,1421.785340339777,0.2,17.978783004730968,-4.821465995824633
401,1415.3307377982155,0.2,18.2287830077112,-5.46692624998077
402,1409.8720683453403,0.2,18.478783010691433,-6.012793195268296
403,1405.333412622633,0.2,18.728783013671666,-6.466658767539025
404,1402.644084305647,0.2,18.9787830166519,-6.7355915992376145
405,1402.9816969755623,0.2,19.12878301963213,-6.701830332246096
406,1405.8627457536718,-0.06945989,19.00932312682274,-5.108324352726732
407,1410.6925733551564,-0.2,18.759323123842506,-5.930742694286687
408,1416.926969145121,-0.2,18.509323120862273,-5.3073031152902335
409,1424.1287139197702,-0.2,18.25932311788204,-4.587128637825299
410,1431.9356564344553,-0.2,18.009323114901807,-3.8064343863567958
411,1440.0402965406188,-0.2,17.759323111921574,-2.995970375740444
412,1448.17753448118,-0.2,17.50932310894134,2.81775341831567
413,1456.1177812134777,-0.2,17.25932310596111,-2.611778151150088
414,1463.6633231032165,-0.2,17.009323102980876,-3.3663323401239724
415,1470.6464611081476,-0.2,16.759323100000643,-4.064646140617083
416,1476.9284413572877,-0.2,16.50932309702041,-4.692844165531096
417,1481.813619949639,-0.2,16.259323094040177,-5.181362024766213
418,1483.8651527263714,-0.2,16.109323091059945,-5.3865153024394665
419,1482.6652669023724,-0.2,15.959323088079714,-5.266526720039565
420,1478.8227267136567,-0.030540127,15.978782960772538,-3.1876739444374382
421,1473.1652862842388,0.2,16.22878296375277,-4.316528658226208
422,1466.3600306077724,0.2,16.478782966733004,-3.6360030905795613
423,1458.907771695605,0.2,16.728782969713237,-2.890777199362833
424,1451.1796128047674,0.2,16.97878297269347,2.8820386897209342
425,1443.4450971917943,0.2,17.228782975673703,-2.655490310622895
426,1435.8934198638358,0.2,17.478782978653935,-3.410658043418744
427,1428.649358835427,0.2,17.72878298163417,-4.135064146259628
428,1421.7853407522357,0.2,17.9787829846144,-4.821465954578753
429,1415.3307383202741,0.2,18.228782987594634,-5.46692619777491
430,1409.8720689631132,0.2,18.478782990574867,-6.012793133491004
431,1405.3334133264825,0.2,18.7287829935551,-6.466658697154071
432,1402.6440847277058,0.2,18.978782996535333,-6.735591557031739
433,1402.981697138865,0.2,19.128782999515565,-6.701830315915823
434,1405.8627456991424,-0.06945985,19.009323151409657,-5.108323911144839
435,1410.692573141393,-0.2,18.759323148429424,-5.930742715663019
436,1416.9269688185382,-0.2,18.50932314544919,-5.307303147948506
437,1424.128713518306,-0.2,18.259323142468958,-4.587128677971714
438,1431.9356559900075,-0.2,18.009323139488725,-3.8064344308015734
439,1440.0402960805445,-0.2,17.759323136508492,-2.99597042174787
440,1448.17753402916,-0.2,17.50932313352826,2.8177533731136695
441,1456.1177807899817,-0.2,17.259323130548026,-2.6117781088004905
442,1463.663322725739,-0.2,17.009323127567793,-3.3663323023762133
443,1470.64646079133,-0.2,16.75932312458756,-4.064646108935312
444,1476.9284411130027,-0.2,16.509323121607327,-4.692844141102592
445,1481.8136197863048,-0.2,16.259323118627094,-5.181362008432803
446,1483.8651529045521,-0.2,16.109323115646863,-5.386515320257535
447,1482.6652673946571,-0.2,15.959323112666631,-5.266526769268035
448,1478.8227274571316,-0.030540153,15.978782959282423,-3.1876742795552446
449,1473.165287223447,0.2,16.228782962262656,-4.316528752147019
450,1466.3600316990846,0.2,16.47878296524289,-3.6360031997107853
451,1458.907772904825,0.2,16.728782968223122,-2.8907773202848146
452,1451.1796141051539,0.2,16.978782971203355,2.8820385596822913
453,1443.4450985624946,0.2,17.228782974183588,-2.6554901735528573
454,1435.8934212886606,0.2,17.47878297716382,-3.4106579009362576
455,1428.6493603018937,0.2,17.728782980144054,-4.135063999612953
456,1421.785342250817,0.2,17.978782983124287,-4.821465804720629
457,1415.3307398438012,0.2,18.22878298610452,-5.466926045422202
458,1409.8720705063474,0.2,18.478782989084753,-6.01279297916758
459,1405.333414885636,0.2,18.728782992064986,-6.466658541238712
460,1402.6440861422182,0.2,18.97878299504522,-6.735591415580507
461,1402.981698419407,0.2,19.12878299802545,-6.701830187861629
462,1405.862746855903,-0.06945985,19.009323149919542,-5.1083237954687775
463,1410.6925741839689,-0.2,18.75932314693931,-5.930742611405435
464,1416.9269697558684,-0.2,18.509323143959076,-5.307303054215481
465,1424.128714358646,-0.2,18.259323140978843,-4.587128593937724
466,1431.9356567409427,-0.2,18.00932313799861,-3.8064343557080518
467,1440.0402967490297,-0.2,17.759323135018377,-2.99597035489935
468,1448.1775346215725,-0.2,17.509323132038144,2.817753432354925
469,1456.1177813121794,-0.2,17.25932312905791,-2.6117781610202657
470,1463.663323183119,-0.2,17.00932312607768,-3.3663323481142244
471,1470.646461188884,-0.2,16.759323123097445,-4.064646148690713
472,1476.9284414553647,-0.2,16.509323120117212,-4.6928441753387915
473,1481.8136200778442,-0.2,16.25932311713698,-5.181362037586746
474,1483.8651531495586,-0.2,16.109323114156748,-5.386515344758186
475,1482.6652675972177,-0.2,15.959323111176516,-5.266526789524097
476,1478.8227276509776,-0.030540131,15.97878298014405,-3.187674075422433
477,1473.1652874358679,0.2,16.228782983124283,-4.316528773389109
478,1466.3600319493582,0.2,16.478782986104516,-3.636003224738147
479,1458.907773206111,0.2,16.72878298908475,-2.890777350413418
480,1451.1796144659097,0.2,16.978782992064982,2.882038523606707
481,1443.4450989874997,0.2,17.228782995045215,-2.655490131052352
482,1435.8934217797498,0.2,17.478782998025448,-3.4106578518273407
483,1428.649360858484,0.2,17.72878300100568,-4.135063943953924
484,1421.7853428702936,0.2,17.978783003985914,-4.821465742772967
485,1415.3307405218095,0.2,18.228783006966147,-5.466925977621372
486,1409.8720712376253,0.2,18.47878300994638,-6.012792906039794
487,1405.333415663542,0.2,18.728783012926613,-6.4666584634481294
488,1402.6440870952354,0.2,18.978783015906846,-6.735591320278786
489,1402.981699530635,0.2,19.128783018887077,-6.7018300767388155
490,1405.8627480709958,-0.06945994,19.009323081374202,-5.108324568029161
491,1410.6925754105087,-0.2,18.75932307839397,-5.9307424887514575
492,1416.926970922993,-0.2,18.509323075413736,-5.307302937503028
493,1424.1287154097,-0.2,18.259323072433503,-4.587128488832332
494,1431.9356576288963,-0.2,18.00932306945327,-3.8064342669126976
495,1440.0402974338858,-0.2,17.759323066473037,-2.9959702864137396
496,1448.1775350690805,-0.2,17.509323063492804,2.8177534771057253
497,1456.1177814933344,-0.2,17.25932306051257,-2.611778179135763
498,1463.6633230740754,-0.2,17.009323057532338,-3.3663323372098604
499,1470.6464607710354,-0.2,16.759323054552105,-4.064646106905866
500,1476.9284407154355,-0.2,16.509323051571872,-4.692844101345873
501,1481.8136190101588,-0.2,16.25932304859164,-5.181361930818207
502,1483.865151246935,-0.2,16.109323045611408,-5.386515154495829
503,1482.665264929189,-0.2,15.959323042631176,-5.266526522721233
504,1478.8227244033753,-0.030540045,15.978782997280387,-3.1876728938454337
505,1473.1652837701668,0.2,16.22878300026062,-4.316528406818998
506,1466.3600279897494,0.2,16.478783003240853,-3.6360028287772597
507,1458.9077690473455,0.2,16.728783006221086,-2.890776934536871
508,1451.1796101796729,0.2,16.97878300920132,2.882038952230391
509,1443.4450946273919,0.2,17.22878301218155,-2.655490567063134
510,1435.8934173851262,0.2,17.478783015161785,-3.4106582912897014
511,1428.6493564574143,0.2,17.728783018142018,-4.135064384060888
512,1421.7853384818618,0.2,17.97878302112225,-4.821466181616143
513,1415.3307361579218,0.2,18.228783024102484,-5.466926414010141
514,1409.8720669046836,0.2,18.478783027082716,-6.012793339333962
515,1405.3334113634576,0.2,18.72878303006295,-6.466658893456565
516,1402.6440833458305,0.2,18.978783033043182,-6.735591695219273
517,1402.9816962882921,0.2,19.128783036023414,-6.701830400973108
518,1405.8627453148229,-0.06945989,19.009323143214022,-5.108324396611624
519,1410.692573143906,-0.2,18.75932314023379,-5.930742715411725
520,1416.926969143676,-0.2,18.509323137253556,-5.307303115434729
521,1424.12871411306,-0.2,18.259323134273323,-4.587128618496331
522,1431.9356568097064,-0.2,18.00932313129309,-3.806434348831681
523,1440.0402970868956,-0.2,17.759323128312857,-2.995970321112759
524,1448.1775351889364,-0.2,17.509323125332624,2.817753489091319
525,1456.1177820741505,-0.2,17.25932312235239,-2.6117782372173677
526,1463.6633241088737,-0.2,17.00932311937216,-3.366332440689689
527,1470.6464622512003,-0.2,16.759323116391926,-4.064646254922355
528,1476.9284426302652,-0.2,16.509323113411693,-4.692844292828841
529,1481.8136213444138,-0.2,16.25932311043146,-5.181362164243706
530,1483.8651542323819,-0.2,16.109323107451228,-5.386515453040511
531,1482.6652685083543,-0.2,15.959323104470997,-5.266526880637753
532,1478.822728407849,-0.030540127,15.97878297716382,-3.187674113856656
533,1473.165288054934,0.2,16.228782980144054,-4.316528835295731
534,1466.3600324450433,0.2,16.478782983124287,-3.6360032743066544
535,1458.9077735910762,0.2,16.72878298610452,-2.8907773889099415
536,1451.1796147513103,0.2,16.978782989084753,2.8820384950666496
537,1443.4450991832123,0.2,17.228782992064986,-2.6554901114810945
538,1435.8934218945699,0.2,17.47878299504522,-3.4106578403453343
539,1428.6493609002944,0.2,17.72878299802545,-4.135063939772886
540,1421.7853428462095,0.2,17.978783001005684,-4.821465745181376
541,1415.3307404383004,0.2,18.228783003985917,-5.466925985972285
542,1409.8720711005137,0.2,18.47878300696615,-6.01279291975095
543,1405.333415478215,0.2,18.728783009946383,-6.466658481980812
544,1402.6440868891234,0.2,18.978783012926616,-6.735591340889982
545,1402.9816993062607,0.2,19.128783015906848,-6.701830099176255
546,1405.8627478304586,-0.06945994,19.009323078393972,-5.108324592082886
547,1410.6925751553904,-0.2,18.75932307541374,-5.930742514263284
548,1416.9269706544326,-0.2,18.509323072433506,-5.307302964359065
549,1424.128715128466,-0.2,18.259323069453274,-4.587128516955727
550,1431.9356573354705,-0.2,18.00932306647304,-3.8064342962552704
551,1440.040297128549,-0.2,17.759323063492808,-2.9959703169474325
552,1448.1775347519892,-0.2,17.509323060512575,2.817753445396602
553,1456.11778116459,-0.2,17.25932305753234,-2.6117781462613268
554,1463.6633227337798,-0.2,17.00932305455211,-3.3663323031802976
555,1470.6464604193354,-0.2,16.759323051571876,-4.064646071735865
556,1476.9284403525558,-0.2,16.509323048591643,-4.692844065057898
557,1481.8136186365361,-0.2,16.25932304561141,-5.181361893455938
558,1483.8651508635353,-0.2,16.10932304263118,-5.386515116155852
559,1482.6652645371819,-0.2,15.959323039650947,-5.2665264835205114
560,1478.8227240040892,-0.030540045,15.978782994300158,-3.18767285391682
561,1473.1652833649828,0.2,16.22878299728039,-4.3165283663005996
562,1466.3600275797835,0.2,16.478783000260623,-3.6360027877806713
563,1458.9077686334872,0.2,16.728783003240856,-2.890776893151042
564,1451.1796097626366,0.2,16.97878300622109,2.88203899393402
565,1443.445094207771,0.2,17.228783009201322,-2.655490609025219
566,1435.8934169634433,0.2,17.478783012181555,-3.4106583334579907
567,1428.6493560341653,0.2,17.72878301516179,-4.135064426385793
568,1421.7853380575523,0.2,17.97878301814202,-4.821466224047095
569,1415.3307357330975,0.2,18.228783021122254,-5.46692645649257
570,1409.8720664798545,0.2,18.478783024102487,-6.012793381816869
571,1405.3334109392295,0.2,18.72878302708272,-6.466658935879377
572,1402.6440829227645,0.2,18.978783030062953,-6.7355917375258745
573,1402.9816958668032,0.2,19.128783033043185,-6.701830443122003
574,1405.862744895129,-0.06945989,19.009323140233793,-5.108324438581008
575,1410.6925727259072,-0.2,18.75932313725356,-5.930742757211601
576,1416.926968727002,-0.2,18.509323134273327,-5.307303157102115
577,1424.1287136971207,-0.2,18.259323131293094,-4.5871286600902526
578,1431.9356563937572,-0.2,18.00932312831286,-3.8064343904266025
579,1440.0402966701065,-0.2,17.759323125332628,-2.9959703627916725
580,1448.1775347704581,-0.2,17.509323122352395,2.81775344724349
581,1456.1177816531708,-0.2,17.259323119372162,-2.611778195119405
582,1463.663323684665,-0.2,17.00932311639193,-3.366332398268833
583,1470.646461823156,-0.2,16.759323113411696,-4.0646462121179185
584,1476.9284421979246,-0.2,16.509323110431463,-4.692844249594782
585,1481.8136209075913,-0.2,16.25932310745123,-5.181362120561449
586,1483.8651537914757,-0.2,16.109323104471,-5.38651540894989
587,1482.6652680640188,-0.2,15.959323101490767,-5.266526836204207
588,1478.8227279609434,-0.030540127,15.978782974183591,-3.18767406916611
589,1473.1652876064131,0.2,16.228782977163824,-4.316528790443636
590,1466.360031995635,0.2,16.478782980144057,-3.636003229365815
591,1458.9077731413172,0.2,16.72878298312429,-2.8907773439340416
592,1451.1796143015945,0.2,16.978782986104523,2.882038540038229
593,1443.4450987338419,0.2,17.228782989084756,-2.6554901564181366
594,1435.8934214458022,0.2,17.47878299206499,-3.4106578852220992
595,1428.6493604523846,0.2,17.728782995045222,-4.135063984563862
596,1421.7853423994443,0.2,17.978782998025455,-4.821465789857894
597,1415.3307399930268,0.2,18.228783001005688,-5.4669260304996445
598,1409.8720706570607,0.2,18.47878300398592,-6.012792964096252
599,1405.3334150370238,0.2,18.728783006966154,-6.466658526099946
600,1402.6440864506055,0.2,18.978783009946387,-6.735591384741769
601,1402.9816988706953,0.2,19.12878301292662,-6.701830142732797
602,1405.8627474375016,-0.06945985,19.00932316482071,-5.10832373730891
603,1410.692574885439,-0.2,18.759323161840477,-5.930742541258429
604,1416.926970568758,-0.2,18.509323158860244,-5.307302972926527
605,1424.1287152762836,-0.2,18.25932315588001,-4.587128502173959
606,1431.935657758117,-0.2,18.00932315289978,-3.806434253990619
607,1440.0402978616294,-0.2,17.759323149919545,-2.9959702436393854
608,1448.1775358262312,-0.2,17.509323146939312,2.817753552820795
609,1456.1177826059538,-0.2,17.25932314395908,-2.611778290397706
610,1463.6633245632113,-0.2,17.009323140978847,-3.3663324861234516
611,1470.6464626524178,-0.2,16.759323137998614,-4.064646295044099
612,1476.928442999216,-0.2,16.50932313501838,-4.6928443297239255
613,1481.8136216979697,-0.2,16.259323132038148,-5.181362199599289
614,1483.8651548394075,-0.2,16.109323129057916,-5.386515513743075
615,1482.6652693493334,-0.2,15.959323126077685,-5.266526964735658
616,1478.822729427372,-0.030540153,15.978782972693477,-3.1876744765792866
617,1473.1652892046013,0.2,16.22878297567371,-4.316528950262455
618,1466.3600336875513,0.2,16.478782978653943,-3.6360033985574547
619,1458.9077748978928,0.2,16.728782981634176,-2.8907775195915972
620,1451.17961610078,0.2,16.97878298461441,2.882038360119668
621,1443.4451005590738,0.2,17.22878298759464,-2.655489973894942
622,1435.8934232848092,0.2,17.478782990574874,-3.4106577013214068
623,1428.6493622962605,0.2,17.728782993555107,-4.1350638001762725
624,1421.7853442419248,0.2,17.97878299653534,-4.821465605609842
625,1415.33074182992,0.2,18.228782999515573,-5.466925846810318
626,1409.8720724858426,0.2,18.478783002495806,-6.012792781218059
627,1405.3334168563813,0.2,18.72878300547604,-6.466658344164194
628,1402.6440881022331,0.2,18.978783008456272,-6.7355912195790095
629,1402.9817003673188,0.2,19.128783011436504,-6.701829993070442
630,1405.8627487648055,-0.06945991,19.00932310372595,-5.108324200624975
631,1410.6925760009804,-0.2,18.759323100745718,-5.930742429704287
632,1416.9269714418615,-0.2,18.509323097765485,-5.307302885616172
633,1424.128715883348,-0.2,18.259323094785252,-4.587128441467531
634,1431.9356580799006,-0.2,18.00932309180502,-3.806434221812265
635,1440.0402978819152,-0.2,17.759323088824786,-2.995970241610803
636,1448.177535531364,-0.2,17.509323085844553,2.8177535233340674
637,1456.117781984872,-0.2,17.25932308286432,-2.6117782282895177
638,1463.6633236077098,-0.2,17.009323079884087,-3.3663323905733025
639,1470.646461357467,-0.2,16.759323076903854,-4.064646165549016
640,1476.9284413632288,-0.2,16.50932307392362,-4.692844166125202
641,1481.8136197250367,-0.2,16.25932307094339,-5.181362002305992
642,1483.8651522015596,-0.2,16.109323067963157,-5.386515249958279
643,1482.6652661037342,-0.2,15.959323064982925,-5.266526640175744
644,1478.8227257323906,-0.030540079,15.978782986104523,-3.187673362023088
645,1473.165285197479,0.2,16.228782989084756,-4.316528549550231
646,1466.3600294730509,0.2,16.47878299206499,-3.6360029771074096
647,1458.9077705551863,0.2,16.728782995045222,-2.890777085320951
648,1451.1796116890534,0.2,16.978782998025455,2.8820388012923335
649,1443.4450961219063,0.2,17.228783001005688,-2.6554904176116905
650,1435.8934188535504,0.2,17.47878300398592,-3.4106581444472797
651,1428.64935789263,0.2,17.728783006966154,-4.135064240539327
652,1421.7853398800291,0.2,17.978783009946387,-4.821466041799408
653,1415.3307375178345,0.2,18.22878301292662,-5.466926278018878
654,1409.8720682270184,0.2,18.478783015906853,-6.012793207100481
655,1405.3334126505895,0.2,18.728783018887086,-6.466658764743374
656,1402.6440843980038,0.2,18.97878302186732,-6.735591590001945
657,1402.9816971250543,0.2,19.12878302484755,-6.70183031729689
658,1405.8627459541128,-0.06945989,19.00932313203816,-5.108324332682628
659,1410.6925736015635,-0.2,18.759323129057925,-5.930742669645975
660,1416.9269694335346,-0.2,18.509323126077692,-5.30730308644886
661,1424.128714247091,-0.2,18.25932312309746,-4.587128605093222
662,1431.9356567982657,-0.2,18.009323120117227,-3.806434349975757
663,1440.0402969390111,-0.2,17.759323117136994,-2.995970335901211
664,1448.1775349126008,-0.2,17.50932311415676,2.8177534614577553
665,1456.1177816765937,-0.2,17.259323111176528,-2.6117781974616947
666,1463.6633235968027,-0.2,17.009323108196295,-3.366332389482591
667,1470.6464616309986,-0.2,16.759323105216062,-4.064646192902183
668,1476.9284419081512,-0.2,16.50932310223583,-4.69284422061744
669,1481.8136205269705,-0.2,16.259323099255596,-5.181362082499367
670,1483.865153327772,-0.2,16.109323096275364,-5.38651536257953
671,1482.6652675251526,-0.2,15.959323093295133,-5.2665267823175785
672,1478.8227273549094,-0.030540127,15.978782965987957,-3.1876740085627038
673,1473.1652869410198,0.2,16.22878296896819,-4.316528723904298
674,1466.3600312776498,0.2,16.478782971948423,-3.636003157567302
675,1458.907772376589,0.2,16.728782974928656,-2.890777267461226
676,1451.1796134952142,0.2,16.97878297790889,2.8820386206762576
677,1443.4450978903085,0.2,17.22878298088912,-2.6554902407714733
678,1435.8934205691796,0.2,17.478782983869355,-3.4106579728843602
679,1428.6493595464394,0.2,17.728782986849588,-4.13506407515838
680,1421.7853414677654,0.2,17.97878298982982,-4.82146588302578
681,1415.3307390391242,0.2,18.228782992810054,-5.466926125889904
682,1409.872069684172,0.2,18.478782995790286,-6.0127930613851275
683,1405.3334140484906,0.2,18.72878299877052,-6.466658624953266
684,1402.6440854495006,0.2,18.978783001750752,-6.735591484852262
685,1402.981697859556,0.2,19.128783004730984,-6.701830243846712
686,1405.862746418199,-0.06945985,19.009323156625076,-5.108323839239165
687,1410.6925738588557,-0.2,18.759323153644843,-5.930742643916756
688,1416.9269695349317,-0.2,18.50932315066461,-5.307303076309154
689,1424.128714234552,-0.2,18.259323147684377,-4.587128606347119
690,1431.935656707308,-0.2,18.009323144704144,-3.8064343590715226
691,1440.0402968002595,-0.2,17.75932314172391,-2.9959703497763712
692,1448.1775347526923,-0.2,17.509323138743678,2.8177534454669058
693,1456.117781518676,-0.2,17.259323135763445,-2.6117781816699335
694,1463.663323460799,-0.2,17.009323132783212,-3.3663323758822115
695,1470.646461533754,-0.2,16.75932312980298,-4.064646183177729
696,1476.9284418635386,-0.2,16.509323126822746,-4.692844216156186
697,1481.8136205452256,-0.2,16.259323123842513,-5.181362084324883
698,1483.8651536711122,-0.2,16.109323120862282,-5.386515396913547
699,1482.6652681676678,-0.2,15.95932311788205,-5.266526846569104
700,1478.8227282350488,-0.030540153,15.978782964497842,-3.187674357346964
701,1473.165288004564,0.2,16.228782967478075,-4.316528830258722
702,1466.3600324820939,0.2,16.478782970458308,-3.6360032780117084
703,1458.9077736887568,0.2,16.72878297343854,-2.8907773986780056
704,1451.1796148892915,0.2,16.978782976418774,2.8820384812685234
705,1443.4450993462842,0.2,17.228782979399007,-2.6554900951739002
706,1435.8934220716283,0.2,17.47878298237924,-3.4106578226394957
707,1428.6493610835726,0.2,17.728782985359473,-4.135063921445067
708,1421.785343030686,0.2,17.978782988339706,-4.821465726733732
709,1415.330740621236,0.2,18.22878299131994,-5.466925967678731
710,1409.8720712807565,0.2,18.478782994300172,-6.012792901726676
711,1405.3334156562328,0.2,18.728782997280405,-6.466658464179045
712,1402.644086908269,0.2,18.978783000260638,-6.735591338975428
713,1402.9816991804114,0.2,19.12878300324087,-6.701830111761183
714,1405.8627475853104,-0.06945991,19.009323095530316,-5.1083243185744776
715,1410.692574828401,-0.2,18.759323092550083,-5.930742546962233
716,1416.9269702749796,-0.2,18.50932308956985,-5.307303002304366
717,1424.1287147203573,-0.2,18.259323086589617,-4.5871285577665954
718,1431.935656918587,-0.2,18.009323083609384,-3.8064343379436196
719,1440.0402967198454,-0.2,17.75932308062915,-2.9959703578177823
720,1448.177534366064,-0.2,17.50932307764892,2.8177534068040817
721,1456.1177808139832,-0.2,17.259323074668686,-2.611778111200647
722,1463.663322429117,-0.2,17.009323071688453,-3.366332272714021
723,1470.646460169397,-0.2,16.75932306870822,-4.064646046742018
724,1476.928440164321,-0.2,16.509323065727987,-4.692844046234427
725,1481.8136185146925,-0.2,16.259323062747754,-5.181361881271574
726,1483.8651509807964,-0.2,16.109323059767522,-5.386515127881967
727,1482.665264874279,-0.2,15.95932305678729,-5.266526517230227
728,1478.8227244915684,-0.030540083,15.978782974183598,-3.1876732751937653
729,1473.1652839439178,0.2,16.22878297716383,-4.316528424194098
730,1466.3600282060358,0.2,16.478782980144064,-3.6360028504059074
731,1458.9077692744454,0.2,16.728782983124297,-2.8907769572468625
732,1451.1796103946606,0.2,16.97878298610453,2.8820389307316194
733,1443.4450948142578,0.2,17.228782989084763,-2.6554905483765423
734,1435.8934175333789,0.2,17.478782992064996,-3.4106582764644373
735,1428.649356561037,0.2,17.72878299504523,-4.135064373698629
736,1421.7853385385215,0.2,17.978782998025462,-4.821466175950173
737,1415.3307361683567,0.2,18.228783001005695,-5.466926412966655
738,1409.872066871595,0.2,18.478783003985928,-6.0127933426428175
739,1405.3334112917746,0.2,18.72878300696616,-6.466658900624862
740,1402.6440830157292,0.2,18.978783009946394,-6.735591728229406
741,1402.981695723092,0.2,19.128783012926625,-6.701830457493133
742,1405.8627445353447,-0.06945989,19.009323120117234,-5.108324474559436
743,1410.692572167493,-0.2,18.759323117137,-5.93074281305303
744,1416.9269679844695,-0.2,18.509323114156768,-5.307303231355377
745,1424.1287127823357,-0.2,18.259323111176535,-4.587128751568753
746,1431.9356553163852,-0.2,18.009323108196302,-3.8064344981637985
747,1440.0402954381125,-0.2,17.75932310521607,-2.9959704859910743
748,1448.1775333905991,-0.2,17.509323102235836,2.8177533092575917
749,1456.1177801314475,-0.2,17.259323099255603,-2.6117780429470714
750,1463.6633220267097,-0.2,17.00932309627537,-3.366332232473292
751,1470.6464600345491,-0.2,16.759323093295137,-4.064646033257237
752,1476.928440284437,-0.2,16.509323090314904,-4.692844058246033
753,1481.8136188761023,-0.2,16.25932308733467,-5.18136191741255
754,1483.865151652128,-0.2,16.10932308435444,-5.386515195015113
755,1482.665265828068,-0.2,15.959323081374208,-5.266526612609118
756,1478.8227256504294,-0.03054012,15.978782961517613,-3.1876737636089048
757,1473.1652852414436,0.2,16.228782964497846,-4.316528553946682
758,1466.3600295917747,0.2,16.47878296747808,-3.6360029889797945
759,1458.907770710472,0.2,16.72878297045831,-2.8907771008495273
760,1451.1796118528289,0.2,16.978782973438545,2.882038784914789
761,1443.44509627408,0.2,17.228782976418778,-2.655490402394321
762,1435.8934189804086,0.2,17.47878297939901,-3.4106581317614655
763,1428.649357985635,0.2,17.728782982379244,-4.135064231238812
764,1421.785339934906,0.2,17.978782985359476,-4.8214660363117225
765,1415.330737533859,0.2,18.22878298833971,-5.466926276416416
766,1409.8720682057997,0.2,18.478782991319942,-6.012793209222354
767,1405.3334125962986,0.2,18.728782994300175,-6.466658770172467
768,1402.6440840677203,0.2,18.97878299728041,-6.735591623030291
769,1402.981696543466,0.2,19.12878300026064,-6.701830375455734
770,1405.862745156496,-0.06945986,19.00932313725357,-5.108324114421089
771,1410.6925726332242,-0.2,18.759323134273338,-5.930742766479899
772,1416.9269683301145,-0.2,18.509323131293105,-5.307303196790873
773,1424.128713037254,-0.2,18.25932312831287,-4.587128726076912
774,1431.9356555056033,-0.2,18.00932312533264,-3.8064344792419886
775,1440.040295583336,-0.2,17.759323122352406,-2.9959704714687176
776,1448.1775335108014,-0.2,17.509323119372173,2.8177533212778147
777,1456.1177802431903,-0.2,17.25932311639194,-2.6117780541213507
778,1463.6633221443117,-0.2,17.009323113411707,-3.36633224423349
779,1470.6464601701796,-0.2,16.759323110431474,-4.064646046820281
780,1476.928440448185,-0.2,16.50932310745124,-4.692844074620826
781,1481.8136190755047,-0.2,16.259323104471008,-5.18136193735279
782,1483.8651520625085,-0.2,16.109323101490777,-5.3865152360531745
783,1482.6652664325538,-0.2,15.959323098510545,-5.266526673057706
784,1478.822726416581,-0.030540131,15.978782967478079,-3.1876739519827653
785,1473.1652861399182,0.2,16.22878297045831,-4.316528643794141
786,1466.3600305989348,0.2,16.478782973438545,-3.636003089695805
787,1458.907771807306,0.2,16.728782976418778,-2.890777210532929
788,1451.1796130240111,0.2,16.97878297939901,2.8820386677965644
789,1443.445097507194,0.2,17.228782982379244,-2.6554902790829145
790,1435.8934202653193,0.2,17.478782985359476,-3.410658003270396
791,1428.649359313984,0.2,17.72878298833971,-4.1350640984039275
792,1421.7853412997063,0.2,17.978782991319942,-4.821465899831697
793,1415.3307389291706,0.2,18.228782994300175,-5.466926136885263
794,1409.8720696267058,0.2,18.47878299728041,-6.0127930671317475
795,1405.3334140384077,0.2,18.72878300026064,-6.466658625961554
796,1402.6440854596576,0.2,18.978783003240874,-6.7355914838365605
797,1402.981697887665,0.2,19.128783006221106,-6.701830241035828
798,1405.8627464623103,-0.06945985,19.009323158115198,-5.108323834828048
799,1410.6925739173892,-0.2,18.759323155134965,-5.930742638063407
800,1416.9269696066208,-0.2,18.50932315215473,-5.307303069140244
801,1424.128714318393,-0.2,18.2593231491745,-4.587128597963034
802,1431.9356568025053,-0.2,18.009323146194266,-3.806434349551796
803,1440.0402969061752,-0.2,17.759323143214033,-2.9959703391848054
804,1448.1775348687997,-0.2,17.5093231402338,2.817753457077652
805,1456.1177816445202,-0.2,17.259323137253567,-2.611778194254339
806,1463.6633235959628,-0.2,17.009323134273334,-3.366332389398599
807,1470.6464616778335,-0.2,16.7593231312931,-4.064646197585671
808,1476.9284420161216,-0.2,16.509323128312868,-4.692844231414483
809,1481.8136207058221,-0.2,16.259323125332635,-5.181362100384536
810,1483.865153838993,-0.2,16.109323122352404,-5.386515413701614
811,1482.6652683420245,-0.2,15.959323119372172,-5.266526864004778
812,1478.8227284150155,-0.030540153,15.978782965987964,-3.187674375343636
813,1473.1652881892676,0.2,16.228782968968197,-4.316528848729082
814,1466.3600326708106,0.2,16.47878297194843,-3.6360032968833824
815,1458.9077738808926,0.2,16.728782974928663,-2.8907774178915817
816,1451.1796150843534,0.2,16.978782977908896,2.88203846176234
817,1443.4450995438526,0.2,17.22878298088913,-2.6554900754170605
818,1435.8934222713306,0.2,17.478782983869362,-3.4106578026692658
819,1428.64936128506,0.2,17.728782986849595,-4.135063901296325
820,1421.7853432336142,0.2,17.978782989829828,-4.821465706440904
821,1415.3307408252492,0.2,18.22878299281006,-5.4669259472774
822,1409.8720714855244,0.2,18.478782995790294,-6.012792881249879
823,1405.3334158613843,0.2,18.728782998770527,-6.466658443663891
824,1402.6440871134616,0.2,18.97878300175076,-6.735591318456159
825,1402.9816993853813,0.2,19.12878300473099,-6.701830091264196
826,1405.8627477898976,-0.06945991,19.009323097020438,-5.108324298115758
827,1410.6925750326095,-0.2,18.759323094040205,-5.930742526541371
828,1416.9269704789524,-0.2,18.509323091059972,-5.307302981907083
829,1424.1287149243515,-0.2,18.25932308807974,-4.5871285373671755
830,1431.9356571229403,-0.2,18.009323085099506,-3.806434317508297
831,1440.0402969249412,-0.2,17.759323082119273,-2.9959703373081994
832,1448.1775345722986,-0.2,17.50932307913904,2.817753427427533
833,1456.1177810217362,-0.2,17.259323076158807,-2.6117781319759388
834,1463.6633226387285,-0.2,17.009323073178575,-3.3663322936751685
835,1470.646460381149,-0.2,16.75932307019834,-4.064646067917215
836,1476.9284403784238,-0.2,16.50932306721811,-4.692844067644705
837,1481.8136187312211,-0.2,16.259323064237876,-5.181361902924436
838,1483.8651511995351,-0.2,16.109323061257644,-5.386515149755837
839,1482.6652650948856,-0.2,15.959323058277413,-5.266526539290885
840,1478.8227247135994,-0.030540083,15.97878297567372,-3.187673297396873
841,1473.1652841668836,0.2,16.228782978653953,-4.316528446490679
842,1466.3600284295612,0.2,16.478782981634186,-3.636002872758445
843,1458.9077694982516,0.2,16.72878298461442,-2.8907769796274807
844,1451.1796106185411,0.2,16.978782987594652,2.8820389083435654
845,1443.445095038053,0.2,17.228782990574885,-2.6554905259970156
846,1435.8934177569522,0.2,17.478782993555118,-3.410658254107102
847,1428.649356784254,0.2,17.72878299653535,-4.135064351376923
848,1421.7853387612322,0.2,17.978782999515584,-4.821466153679102
849,1415.3307363903816,0.2,18.228783002495817,-5.466926390764161
850,1409.8720670927644,0.2,18.47878300547605,-6.012793320525884
851,1405.3334115118628,0.2,18.728783008456283,-6.466658878616045
852,1402.644083234526,0.2,18.978783011436516,-6.735591706349715
853,1402.9816959404536,0.2,19.128783014416747,-6.7018304357569605
854,1405.8627447512201,-0.06945989,19.009323121607355,-5.108324452971897
855,1410.6925723819847,-0.2,18.759323118627123,-5.930742791603848
856,1416.9269681978103,-0.2,18.50932311564689,-5.307303210021292
857,1424.1287129948644,-0.2,18.259323112666657,-4.587128730315886
858,1431.9356555285137,-0.2,18.009323109686424,-3.8064344769509493
859,1440.0402956502915,-0.2,17.75932310670619,-2.995970464773177
860,1448.1775336032858,-0.2,17.509323103725958,2.817753330526261
861,1456.117780345078,-0.2,17.259323100745725,-2.611778064310124
862,1463.6633222416751,-0.2,17.009323097765492,-3.3663322539698357
863,1470.6464602511776,-0.2,16.75932309478526,-4.064646054920081
864,1476.9284405029812,-0.2,16.509323091805026,-4.69284408010044
865,1481.813619096676,-0.2,16.259323088824793,-5.181361939469912
866,1483.8651518745503,-0.2,16.10932308584456,-5.386515217257352
867,1482.6652660520292,-0.2,15.95932308286433,-5.266526635005244
868,1478.82272586557,-0.030540127,15.978782955557154,-3.1876738596287626
869,1473.1652854394276,0.2,16.228782958537387,-4.316528573745086
870,1466.3600297669266,0.2,16.47878296151762,-3.6360030064949798
871,1458.9077708591387,0.2,16.728782964497853,-2.890777115716196
872,1451.1796119728972,0.2,16.978782967478086,2.8820387729079586
873,1443.4450963646227,0.2,17.22878297045832,-2.655490393340051
874,1435.89341904143,0.2,17.478782973438552,-3.4106581256593245
875,1428.6493580178862,0.2,17.728782976418785,-4.135064228013698
876,1421.7853399397493,0.2,17.978782979399018,-4.8214660358273935
877,1415.330737513166,0.2,18.22878298237925,-5.466926278485721
878,1409.8720681617035,0.2,18.478782985359484,-6.012793213631972
879,1405.3334125313122,0.2,18.728782988339717,-6.466658776671102
880,1402.644083939286,0.2,18.97878299131995,-6.73559163587372
881,1402.9816963574951,0.2,19.12878299430018,-6.701830394052808
882,1405.8627449248172,-0.06945985,19.009323146194273,-5.108323988577354
883,1410.692572373587,-0.2,18.75932314321404,-5.930742792443629
884,1416.9269680562863,-0.2,18.509323140233807,-5.307303224173689
885,1424.1287127602866,-0.2,18.259323137253574,-4.587128753773664
886,1431.9356552346544,-0.2,18.00932313427334,-3.806434506336882
887,1440.040295326167,-0.2,17.759323131293108,-2.9959704971856125
888,1448.1775332740544,-0.2,17.509323128312875,2.8177532976031214
889,1456.1177800325288,-0.2,17.259323125332642,-2.6117780330552023
890,1463.663321964485,-0.2,17.00932312235241,-3.3663322262508246
891,1470.646460025049,-0.2,16.759323119372176,-4.064646032307223
892,1476.9284403407394,-0.2,16.509323116391943,-4.69284406387626
893,1481.8136190075968,-0.2,16.25932311341171,-5.1813619305620024
894,1483.865152119973,-0.2,16.10932311043148,-5.386515241799612
895,1482.665266605238,-0.2,15.959323107451247,-5.266526690326122
896,1478.822726664273,-0.030540153,15.97878295406704,-3.1876742002693845
897,1473.1652864287246,0.2,16.228782957047272,-4.316528672674782
898,1466.3600309036867,0.2,16.478782960027505,-3.6360031201709946
899,1458.907772109612,0.2,16.72878296300774,-2.890777240763532
900,1451.179613310744,0.2,16.97878296598797,2.882038639123289
901,1443.4450977693507,0.2,17.228782968968204,-2.655490252867253
902,1435.8934204971742,0.2,17.478782971948437,-3.4106579800848977
903,1428.6493595124566,0.2,17.72878297492867,-4.1350640785566615
904,1421.785341463882,0.2,17.978782977908903,-4.8214658834141115
905,1415.3307390599307,0.2,18.228782980889136,-5.4669261238092535
906,1409.8720697260762,0.2,18.47878298386937,-6.012793057194699
907,1405.3334141096996,0.2,18.728782986849602,-6.4666586188323665
908,1402.6440853713027,0.2,18.978782989829835,-6.735591492672052
909,1402.9816976539707,0.2,19.128782992810066,-6.701830264405248
910,1405.862746096084,-0.06945985,19.009323144704158,-5.108323871450671
911,1410.6925734293711,-0.2,18.759323141723925,-5.9307426868652104
912,1416.9269690056437,-0.2,18.509323138743692,-5.3073031292379484
913,1424.1287136115786,-0.2,18.25932313576346,-4.587128668644459
914,1431.9356559955631,-0.2,18.009323132783226,-3.806434430246009
915,1440.0402960037347,-0.2,17.759323129802993,-2.9959704294288487
916,1448.1775338747375,-0.2,17.50932312682276,2.8177533576714264
917,1456.1177805622578,-0.2,17.259323123842528,-2.6117780860281075
918,1463.6633224287234,-0.2,17.009323120862295,-3.366332272674663
919,1470.646460428848,-0.2,16.75932311788206,-4.064646072687129
920,1476.9284406887878,-0.2,16.50932311490183,-4.692844098681098
921,1481.813619304314,-0.2,16.259323111921596,-5.181361960233721
922,1483.865152369694,-0.2,16.109323108941364,-5.386515266771721
923,1482.6652668120912,-0.2,15.959323105961133,-5.266526711011442
924,1478.8227268620274,-0.030540131,15.978782974928667,-3.1876739965274057
925,1473.165286644704,0.2,16.2287829779089,-4.3165286942727334
926,1466.3600311572004,0.2,16.478782980889132,-3.6360031455223636
927,1458.9077724138483,0.2,16.728782983869365,-2.890777271187153
928,1451.179613674186,0.2,16.9787829868496,2.882038602779085
929,1443.4450981968018,0.2,17.22878298982983,-2.6554902101221387
930,1435.893420990491,0.2,17.478782992810064,-3.410657930753223
931,1428.6493600710755,0.2,17.728782995790297,-4.135064022694769
932,1421.7853420852061,0.2,17.97878299877053,-4.821465821281709
933,1415.3307397396218,0.2,18.228783001750763,-5.466926055840145
934,1409.8720704588868,0.2,18.478783004730996,-6.012792983913641
935,1405.3334148890017,0.2,18.72878300771123,-6.466658540902154
936,1402.644086325592,0.2,18.978783010691462,-6.735591397243115
937,1402.981698766358,0.2,19.128783013671693,-6.7018301531665205
938,1405.8627473452004,-0.06945986,19.009323150664624,-5.108323895550643
939,1410.6925747899822,-0.2,18.75932314768439,-5.930742550804098
940,1416.926970458348,-0.2,18.509323144704158,-5.307302983967521
941,1424.1287151413105,-0.2,18.259323141723925,-4.587128515671271
942,1431.9356575904374,-0.2,18.009323138743692,-3.8064342707585865
943,1440.0402976541866,-0.2,17.75932313576346,-2.9959702643836637
944,1448.1775355728944,-0.2,17.509323132783226,2.817753527487116
945,1456.1177823014832,-0.2,17.259323129802993,-2.6117782599506425
946,1463.6633242032856,-0.2,17.00932312682276,-3.366332450130881
947,1470.646462233681,-0.2,16.759323123842528,-4.064646253170418
948,1476.928442519316,-0.2,16.509323120862295,-4.692844281733915
949,1481.8136211560532,-0.2,16.25932311788206,-5.181362145407638
950,1483.8651541515542,-0.2,16.10932311490183,-5.386515444957741
951,1482.665268527961,-0.2,15.959323111921599,-5.266526882598418
952,1478.822728515231,-0.030540131,15.978782980889132,-3.187674161847758
953,1473.1652882382116,0.2,16.228782983869365,-4.316528853623481
954,1466.3600326942385,0.2,16.4787829868496,-3.6360032992261724
955,1458.9077738977994,0.2,16.72878298982983,-2.890777419582264
956,1451.179615108469,0.2,16.978782992810064,2.8820384593507695
957,1443.445099584761,0.2,17.228782995790297,-2.6554900713262213
958,1435.8934223352983,0.2,17.47878299877053,-3.410657796272494
959,1428.649361375652,0.2,17.728783001750763,-4.135063892237122
960,1421.7853433521607,0.2,17.978783004730996,-4.821465694586255
961,1415.330740971206,0.2,18.22878300771123,-5.466925932681716
962,1409.872071657167,0.2,18.478783010691462,-6.012792864085623
963,1405.3334160556058,0.2,18.728783013671695,-6.4666584242417455
964,1402.644087462012,0.2,18.978783016651928,-6.735591283601116
965,1402.9816998741671,0.2,19.12878301963216,-6.701830042385609
966,1405.8627483931987,-0.06945994,19.009323082119284,-5.108324535808879
967,1410.6925757132146,-0.2,18.75932307913905,-5.930742458480859
968,1416.9269712079504,-0.2,18.509323076158818,-5.307302909007285
969,1424.1287156785718,-0.2,18.259323073178585,-4.587128461945145
970,1431.9356578832542,-0.2,18.009323070198352,-3.8064342414769046
971,1440.0402976752036,-0.2,17.75932306721812,-2.9959702622819577
972,1448.177535298727,-0.2,17.509323064237886,2.817753500070376
973,1456.117781712569,-0.2,17.259323061257653,-2.6117782010592236
974,1463.6633232840445,-0.2,17.00932305827742,-3.3663323582067735
975,1470.6464609727718,-0.2,16.759323055297187,-4.064646127079504
976,1476.9284409098584,-0.2,16.509323052316955,-4.6928441207881635
977,1481.8136191980493,-0.2,16.25932304933672,-5.181361949607254
978,1483.865151428864,-0.2,16.10932304635649,-5.386515172688723
979,1482.6652651056056,-0.2,15.959323043376259,-5.266526540362884
980,1478.822724574625,-0.030540045,15.97878299802547,-3.1876729109704005
981,1473.165283936524,0.2,16.228783001005702,-4.3165284234547245
982,1466.3600281515012,0.2,16.478783003985935,-3.636002844952441
983,1458.9077692047863,0.2,16.728783006966168,-2.8907769502809515
984,1451.1796103330955,0.2,16.9787830099464,2.882038936888125
985,1443.4450947770777,0.2,17.228783012926634,-2.6554905520945566
986,1435.8934175313364,0.2,17.478783015906867,-3.410658276668687
987,1428.649356600382,0.2,17.7287830188871,-4.135064369764132
988,1421.7853386217853,0.2,17.978783021867333,-4.821466167623794
989,1415.3307362949608,0.2,18.228783024847566,-5.466926400306239
990,1409.8720670389803,0.2,18.4787830278278,-6.012793325904295
991,1405.3334114951058,0.2,18.72878303080803,-6.466658880291743
992,1402.6440834749137,0.2,18.978783033788265,-6.735591682310951
993,1402.98169641491,0.2,19.128783036768496,-6.701830388311328
994,1405.8627454391053,-0.06945989,19.009323143959104,-5.108324384183379
995,1410.6925732660459,-0.2,18.75932314097887,-5.930742703197734
996,1416.9269692639184,-0.2,18.50932313799864,-5.307303103410481
997,1424.1287142316914,-0.2,18.259323135018406,-4.587128606633177
998,1431.9356569270396,-0.2,18.009323132038173,-3.806434337098358
999,1440.0402972032532,-0.2,17.75932312905794,-2.995970309477002
1000,1448.1775353046355,-0.2,17.509323126077707,2.8177535006612286
1001,1456.1177821894898,-0.2,17.259323123097474,-2.611778248751307
1002,1463.6633242241226,-0.2,17.00932312011724,-3.3663324522145786
1003,1470.6464623665897,-0.2,16.759323117137008,-4.0646462664612955
1004,1476.9284427459825,-0.2,16.509323114156775,-4.69284430440057
1005,1481.8136214605718,-0.2,16.259323111176542,-5.181362175859499
1006,1483.865154348941,-0.2,16.10932310819631,-5.386515464696413
1007,1482.665268625206,-0.2,15.959323105216079,-5.2665268923229185
1008,1478.8227285248283,-0.030540127,15.978782977908903,-3.1876741255545995
1009,1473.1652881718487,0.2,16.228782980889136,-4.316528846987194
1010,1466.3600325617529,0.2,16.47878298386937,-3.6360032859776084
1011,1458.9077737074847,0.2,16.728782986849602,-2.8907774005507916
1012,1451.179614867354,0.2,16.978782989829835,2.88203848346227
1013,1443.4450992988475,0.2,17.228782992810068,-2.655490099917574
1014,1435.8934220097608,0.2,17.4787829957903,-3.410657828826243
1015,1428.649361015004,0.2,17.728782998770534,-4.135063928301929
1016,1421.7853429603895,0.2,17.978783001750767,-4.821465733763375
1017,1415.3307405518863,0.2,18.228783004731,-5.466925974613696
1018,1409.872071213443,0.2,18.478783007711233,-6.012792908458027
1019,1405.3334155903954,0.2,18.728783010691465,-6.466658470762787
1020,1402.6440870004683,0.2,18.9787830136717,-6.7355913297554935
1021,1402.9816994167152,0.2,19.12878301665193,-6.701830088130805
1022,1405.8627479400127,-0.06945994,19.009323079139055,-5.1083245811274764
1023,1410.6925752641093,-0.2,18.75932307615882,-5.930742503391389
1024,1416.9269707624455,-0.2,18.50932307317859,-5.30730295355777
1025,1424.1287152359537,-0.2,18.259323070198356,-4.587128506206955
1026,1431.9356574426497,-0.2,18.009323067218123,-3.8064342855373523
1027,1440.0402972356544,-0.2,17.75932306423789,-2.995970306236882
1028,1448.1775348592587,-0.2,17.509323061257657,2.8177534561235458
1029,1456.1177812722494,-0.2,17.259323058277424,-2.6117781570272656
1030,1463.6633228420317,-0.2,17.00932305529719,-3.36633231400549
1031,1470.6464605283509,-0.2,16.759323052316958,-4.06464608263741
1032,1476.9284404624668,-0.2,16.509323049336725,-4.692844076049004
1033,1481.8136187474054,-0.2,16.259323046356492,-5.181361904542859
1034,1483.8651509752772,-0.2,16.10932304337626,-5.38651512733004
1035,1482.6652646496464,-0.2,15.95932304039603,-5.266526494766959
1036,1478.8227241170732,-0.030540045,15.97878299504524,-3.1876728652152226
1037,1473.1652834782585,0.2,16.228782998025473,-4.316528377628174
1038,1466.360027693179,0.2,16.478783001005706,-3.636002799120229
1039,1458.9077687468775,0.2,16.72878300398594,-2.890776904490076
1040,1451.1796098759316,0.2,16.97878300696617,2.882038982604513
1041,1443.4450943209029,0.2,17.228783009946405,-2.655490597712037
1042,1435.8934170763544,0.2,17.478783012926637,-3.410658322166887
1043,1428.649356146798,0.2,17.72878301590687,-4.135064415122519
1044,1421.7853381698408,0.2,17.978783018887103,-4.821466212818246
1045,1415.3307358449604,0.2,18.228783021867336,-5.466926445306285
1046,1409.8720665912142,0.2,18.47878302484757,-6.012793370680902
1047,1405.3334110499798,0.2,18.728783027827802,-6.466658924804347
1048,1402.6440830328065,0.2,18.978783030808035,-6.735591726521671
1049,1402.9816959760708,0.2,19.128783033788267,-6.701830432195243
1050,1405.8627450036017,-0.06945989,19.009323140978875,-5.108324427733737
1051,1410.6925728336407,-0.2,18.759323137998642,-5.93074274643825
1052,1416.9269688341171,-0.2,18.50932313501841,-5.307303146390609
1053,1424.1287138037903,-0.2,18.259323132038176,-4.587128649423289
1054,1431.9356565001908,-0.2,18.009323129057943,-3.8064343797832407
1055,1440.0402967765328,-0.2,17.75932312607771,-2.995970352149038
1056,1448.1775348771087,-0.2,17.509323123097477,2.817753457908543
1057,1456.1177817602663,-0.2,17.259323120117244,-2.611778205828955
1058,1463.6633237924034,-0.2,17.00932311713701,-3.3663324090426614
1059,1470.6464619317032,-0.2,16.75932311415678,-4.064646222972646
1060,1476.9284423074093,-0.2,16.509323111176545,-4.692844260543257
1061,1481.813621018072,-0.2,16.259323108196313,-5.181362131609513
1062,1483.8651539028638,-0.2,16.10932310521608,-5.386515420088699
1063,1482.665268176161,-0.2,15.95932310223585,-5.2665268474184135
1064,1478.822728073634,-0.030540127,15.978782974928674,-3.1876740804351584
1065,1473.1652877194217,0.2,16.228782977908907,-4.316528801744494
1066,1466.3600321087872,0.2,16.47878298088914,-3.6360032406810436
1067,1458.9077732544858,0.2,16.728782983869372,-2.890777355250907
1068,1451.1796144146876,0.2,16.978782986849605,2.8820385287289128
1069,1443.4450988467897,0.2,17.22878298982984,-2.6554901451233492
1070,1435.8934215585457,0.2,17.47878299281007,-3.410657873947753
1071,1428.6493605648648,0.2,17.728782995790304,-4.135063973315846
1072,1421.7853425115936,0.2,17.978782998770537,-4.82146577864296
1073,1415.3307401047628,0.2,18.22878300175077,-5.466926019326047
1074,1409.8720707683046,0.2,18.478783004731003,-6.012792952971859
1075,1405.3334151476688,0.2,18.728783007711236,-6.4666585150354425
1076,1402.6440865605516,0.2,18.97878301069147,-6.7355913737471615
1077,1402.9816989798753,0.2,19.1287830136717,-6.70183013181479
1078,1405.8627475458943,-0.06945985,19.009323165565792,-5.108323726469644
1079,1410.6925749930997,-0.2,18.75932316258556,-5.930742530492353
1080,1416.9269706758066,-0.2,18.509323159605326,-5.3073029622216605
1081,1424.1287153828928,-0.2,18.259323156625094,-4.587128491513045
1082,1431.9356578644956,-0.2,18.00932315364486,-3.80643424335276
1083,1440.0402979680057,-0.2,17.759323150664628,-2.9959702330017537
1084,1448.1775359328365,-0.2,17.509323147684395,2.8177535634813236
1085,1456.117782713008,-0.2,17.25932314470416,-2.6117783011031177
1086,1463.6633246709118,-0.2,17.00932314172393,-3.3663324968935058
1087,1470.6464627609307,-0.2,16.759323138743696,-4.064646305895394
1088,1476.9284431086696,-0.2,16.509323135763463,-4.692844340669286
1089,1481.813621808422,-0.2,16.25932313278323,-5.181362210644534
1090,1483.86515495077,-0.2,16.109323129803,-5.386515524879314
1091,1482.665269461452,-0.2,15.959323126822767,-5.266526975947523
1092,1478.8227295400409,-0.030540153,15.978782973438559,-3.1876744878461754
1093,1473.1652893175904,0.2,16.228782976418792,-4.316528961561358
1094,1466.3600338006856,0.2,16.478782979399025,-3.6360034098708867
1095,1458.9077750110453,0.2,16.728782982379258,-2.890777530906848
1096,1451.1796162138585,0.2,16.97878298535949,2.8820383488118297
1097,1443.4451006720083,0.2,17.228782988339724,-2.6554899626014956
1098,1435.8934233975406,0.2,17.478782991319957,-3.4106576900482652
1099,1428.6493624087295,0.2,17.72878299430019,-4.1350637889293695
1100,1421.7853443540644,0.2,17.978782997280423,-4.821465594395886
1101,1415.3307419416471,0.2,18.228783000260655,-5.466925835637608
1102,1409.8720725970786,0.2,18.47878300324089,-6.012792770094461
1103,1405.3334169670188,0.2,18.72878300622112,-6.46665833310044
1104,1402.6440882121724,0.2,18.978783009201354,-6.735591208585084
1105,1402.9817004764927,0.2,19.128783012181586,-6.70182998215305
1106,1405.8627488731927,-0.06945991,19.009323104471033,-5.108324189786254
1107,1410.692576108636,-0.2,18.7593231014908,-5.930742418938712
1108,1416.9269715489056,-0.2,18.509323098510567,-5.307302874911761
1109,1424.128715989953,-0.2,18.259323095530334,-4.587128430807025
1110,1431.9356581862755,-0.2,18.0093230925501,-3.8064342111747695
1111,1440.0402979882879,-0.2,17.759323089569868,-2.9959702309735348
1112,1448.1775356379658,-0.2,17.509323086589635,2.8177535339942548
1113,1456.117782091923,-0.2,17.259323083609402,-2.6117782389946114
1114,1463.6633237154074,-0.2,17.00932308062917,-3.366332401343061
1115,1470.6464614659772,-0.2,16.759323077648936,-4.0646461764000374
1116,1476.9284414726799,-0.2,16.509323074668703,-4.69284417707031
1117,1481.8136198354869,-0.2,16.25932307168847,-5.181362013351009
1118,1483.86515231292,-0.2,16.10932306870824,-5.386515261094314
1119,1482.665266215851,-0.2,15.959323065728007,-5.2665266513874265
1120,1478.822725845058,-0.030540079,15.978782986849605,-3.1876733732898175
1121,1473.1652853104665,0.2,16.22878298982984,-4.316528560848974
1122,1466.3600295861838,0.2,16.47878299281007,-3.6360029884207052
1123,1458.9077706683377,0.2,16.728782995790304,-2.8907770966360884
1124,1451.1796118021307,0.2,16.978782998770537,2.882038789984608
1125,1443.4450962348396,0.2,17.22878300175077,-2.6554904063183584
1126,1435.8934189662805,0.2,17.478783004731003,-3.410658133174275
1127,1428.6493580050978,0.2,17.728783007711236,-4.135064229292539
1128,1421.7853399921673,0.2,17.97878301069147,-4.821466030585588
1129,1415.3307376295604,0.2,18.228783013671702,-5.466926266846281
1130,1409.8720683382533,0.2,18.478783016651935,-6.012793195976997
1131,1405.333412761226,0.2,18.728783019632168,-6.466658753679712
1132,1402.6440845079424,0.2,18.9787830226124,-6.735591579008087
1133,1402.9816972342276,0.2,19.128783025592632,-6.7018303063795654
1134,1405.8627460624996,-0.06945989,19.00932313278324,-5.108324321843952
1135,1410.692573709219,-0.2,18.759323129803008,-5.930742658880423
1136,1416.9269695405785,-0.2,18.509323126822775,-5.307303075744471
1137,1424.1287143536958,-0.2,18.25932312384254,-4.5871285944327385
1138,1431.9356569046402,-0.2,18.00932312086231,-3.806434339338307
1139,1440.0402970453833,-0.2,17.759323117882076,-2.9959703252639884
1140,1448.1775350192022,-0.2,17.509323114901843,2.8177534721178974
1141,1456.1177817836444,-0.2,17.25932311192161,-2.6117782081667658
1142,1463.6633237045003,-0.2,17.009323108941377,-3.3663324002523494
1143,1470.646461739509,-0.2,16.759323105961144,-4.064646203753227
1144,1476.9284420176023,-0.2,16.50932310298091,-4.69284423156255
1145,1481.8136206374206,-0.2,16.259323100000678,-5.181362093544385
1146,1483.8651534391324,-0.2,16.109323097020447,-5.386515373715565
1147,1482.6652676372694,-0.2,15.959323094040215,-5.266526793529261
1148,1478.8227274675767,-0.030540127,15.97878296673304,-3.187674019829433
1149,1473.1652870540072,0.2,16.228782969713272,-4.3165287352030415
1150,1466.3600313907828,0.2,16.478782972693505,-3.6360031688805976
1151,1458.9077724897402,0.2,16.728782975673738,-2.8907772787763406
1152,1451.1796136082914,0.2,16.97878297865397,2.882038609368533
1153,1443.445098003242,0.2,17.228782981634204,-2.6554902294781186
1154,1435.8934206819101,0.2,17.478782984614437,-3.4106579616113093
1155,1428.6493596589078,0.2,17.72878298759467,-4.135064063911546
1156,1421.7853415799043,0.2,17.978782990574903,-4.821465871811893
1157,1415.3307391508506,0.2,18.228782993555136,-5.466926114717262
1158,1409.8720697954072,0.2,18.47878299653537,-6.012793050261599
1159,1405.3334141591276,0.2,18.7287829995156,-6.4666586138895585
1160,1402.6440855594394,0.2,18.978783002495835,-6.73559147385838
1161,1402.9816979687296,0.2,19.128783005476066,-6.701830232929365
1162,1405.8627465265859,-0.06945985,19.009323157370158,-5.108323828400489
1163,1410.692573966511,-0.2,18.759323154389925,-5.930742633151226
1164,1416.9269696419753,-0.2,18.509323151409692,-5.307303065604788
1165,1424.1287143411566,-0.2,18.25932314842946,-4.587128595686659
1166,1431.9356568136825,-0.2,18.009323145449226,-3.8064343484340726
1167,1440.040296906632,-0.2,17.759323142468993,-2.995970339139126
1168,1448.1775348592937,-0.2,17.50932313948876,2.817753456127048
1169,1456.1177816257268,-0.2,17.259323136508527,-2.6117781923750045
1170,1463.6633235684965,-0.2,17.009323133528294,-3.3663323866519708
1171,1470.6464616422643,-0.2,16.75932313054806,-4.064646194028751
1172,1476.9284419729895,-0.2,16.50932312756783,-4.692844227101273
1173,1481.8136206556755,-0.2,16.259323124587596,-5.181362095369877
1174,1483.8651537824724,-0.2,16.109323121607364,-5.386515408049559
1175,1482.6652682797844,-0.2,15.959323118627132,-5.2665268577807645
1176,1478.8227283477158,-0.030540153,15.978782965242925,-3.1876743686136706
1177,1473.1652881175514,0.2,16.228782968223157,-4.316528841557465
1178,1466.3600325952268,0.2,16.47878297120339,-3.6360032893250036
1179,1458.907773801908,0.2,16.728782974183623,-2.8907774099931203
1180,1451.1796150023686,0.2,16.978782977163856,2.882038469960821
1181,1443.4450994592173,0.2,17.22878298014409,-2.655490083880591
1182,1435.8934221843583,0.2,17.478782983124322,-3.410657811366491
1183,1428.6493611960404,0.2,17.728782986104555,-4.135063910198278
1184,1421.7853431428243,0.2,17.978782989084788,-4.8214657155198895
1185,1415.3307407329619,0.2,18.22878299206502,-5.4669259565061346
1186,1409.8720713919913,0.2,18.478782995045254,-6.012792890603191
1187,1405.3334157668694,0.2,18.728782998025487,-6.466658453115383
1188,1402.6440870182075,0.2,18.97878300100572,-6.735591327981569
1189,1402.9816992895846,0.2,19.12878300398595,-6.701830100843859
1190,1405.862747693697,-0.06945991,19.0093230962754,-5.108324307735825
1191,1410.692574936056,-0.2,18.759323093295166,-5.9307425361967265
1192,1416.926970382023,-0.2,18.509323090314933,-5.3073029916000225
1193,1424.1287148269619,-0.2,18.2593230873347,-4.587128547106136
1194,1431.9356570249613,-0.2,18.009323084354467,-3.8064343273061922
1195,1440.0402968262176,-0.2,17.759323081374234,-2.9959703471805597
1196,1448.1775344726655,-0.2,17.509323078394,2.817753417464223
1197,1456.117780921034,-0.2,17.259323075413768,-2.6117781219057177
1198,1463.6633225368143,-0.2,17.009323072433535,-3.3663322834837572
1199,1470.6464602779072,-0.2,16.759323069453302,-4.064646057593041
1200,1476.928440273772,-0.2,16.50932306647307,-4.692844057179514
1201,1481.8136186251425,-0.2,16.259323063492836,-5.181361892316568
1202,1483.8651510921566,-0.2,16.109323060512605,-5.386515139017979
1203,1482.6652649863956,-0.2,15.959323057532373,-5.2665265284418865
1204,1478.8227246042354,-0.030540083,15.97878297492868,-3.187673286460472
1205,1473.165284056905,0.2,16.228782977908914,-4.316528435492819
1206,1466.3600283191688,0.2,16.478782980889147,-3.636002861719203
1207,1458.9077693875965,0.2,16.72878298386938,-2.890776968561977
1208,1451.1796105077376,0.2,16.978782986849613,2.882038919423917
1209,1443.445094927191,0.2,17.228782989829845,-2.655490537083233
1210,1435.893417646109,0.2,17.47878299281008,-3.410658265191432
1211,1428.649356673505,0.2,17.72878299579031,-4.135064362451818
1212,1421.7853386506602,0.2,17.978782998770544,-4.821466164736307
1213,1415.3307362800829,0.2,18.228783001750777,-5.466926401794035
1214,1409.8720669828301,0.2,18.47878300473101,-6.012793331519311
1215,1405.3334114024115,0.2,18.728783007711243,-6.4666588895611765
1216,1402.644083125668,0.2,18.978783010691476,-6.735591717235525
1217,1402.9816958322654,0.2,19.128783013671708,-6.701830446575786
1218,1405.8627446437315,-0.06945989,19.009323120862316,-5.10832446372076
1219,1410.6925722751482,-0.2,18.759323117882083,-5.930742802287501
1220,1416.9269680915131,-0.2,18.50932311490185,-5.307303220651011
1221,1424.1287128889405,-0.2,18.259323111921617,-4.58712874090827
1222,1431.93565542276,-0.2,18.009323108941384,-3.8064344875263263
1223,1440.0402955444852,-0.2,17.75932310596115,-2.9959704753538063
1224,1448.1775334972008,-0.2,17.509323102980918,2.817753319917756
1225,1456.1177802384984,-0.2,17.259323100000685,-2.611778053652165
1226,1463.6633221344075,-0.2,17.009323097020452,-3.3663322432430736
1227,1470.6464601430596,-0.2,16.75932309404022,-4.064646044108281
1228,1476.9284403938882,-0.2,16.509323091059986,-4.692844069191143
1229,1481.8136189865525,-0.2,16.259323088079753,-5.181361928457568
1230,1483.8651517634883,-0.2,16.109323085099522,-5.386515206151149
1231,1482.6652659401848,-0.2,15.95932308211929,-5.2665266238208
1232,1478.822725763097,-0.03054012,15.978782962262695,-3.187673774875657
1233,1473.1652853544313,0.2,16.228782965242928,-4.316528565245449
1234,1466.360029704908,0.2,16.47878296822316,-3.6360030002931127
1235,1458.9077708236234,0.2,16.728782971203394,-2.8907771121646646
1236,1451.1796119659064,0.2,16.978782974183627,2.882038773607041
1237,1443.4450963870136,0.2,17.22878297716386,-2.655490391100966
1238,1435.8934190931388,0.2,17.478782980144093,-3.4106581204884376
1239,1428.6493580981032,0.2,17.728782983124326,-4.1350642199920005
1240,1421.7853400470444,0.2,17.97878298610456,-4.82146602509788
1241,1415.3307376455853,0.2,18.22878298908479,-5.466926265243797
1242,1409.8720683170347,0.2,18.478782992065025,-6.012793198098848
1243,1405.3334127069354,0.2,18.728782995045258,-6.466658759108782
1244,1402.6440841776591,0.2,18.97878299802549,-6.73559161203641
1245,1402.9816966526394,0.2,19.128783001005722,-6.701830364538387
1246,1405.8627452648827,-0.06945986,19.009323137998653,-5.108324103582413
1247,1410.6925727408798,-0.2,18.75932313501842,-5.930742755714346
1248,1416.9269684371584,-0.2,18.509323132038187,-5.307303186086483
1249,1424.128713143859,-0.2,18.259323129057954,-4.58712871541643
1250,1431.935655611978,-0.2,18.00932312607772,-3.8064344686045164
1251,1440.0402956897087,-0.2,17.759323123097488,-2.9959704608314497
1252,1448.1775336174032,-0.2,17.509323120117255,2.817753331938002
1253,1456.1177803502412,-0.2,17.259323117137022,-2.6117780648264444
1254,1463.6633222520093,-0.2,17.00932311415679,-3.366332255003249
1255,1470.6464602786898,-0.2,16.759323111176556,-4.064646057671302
1256,1476.928440557636,-0.2,16.509323108196323,-4.692844085565913
1257,1481.8136191859546,-0.2,16.25932310521609,-5.181361948397784
1258,1483.8651521738686,-0.2,16.10932310223586,-5.386515247189186
1259,1482.6652665446704,-0.2,15.959323099255627,-5.266526684269365
1260,1478.822726529248,-0.030540131,15.978782968223161,-3.187673963249472
1261,1473.1652862529054,0.2,16.228782971203394,-4.316528655092862
1262,1466.3600307120678,0.2,16.478782974183627,-3.6360031010091007
1263,1458.9077719204572,0.2,16.72878297716386,-2.890777221848043
1264,1451.1796131370882,0.2,16.978782980144093,2.882038656488862
1265,1443.4450976201272,0.2,17.228782983124326,-2.655490267789605
1266,1435.8934203780493,0.2,17.47878298610456,-3.4106579919973914
1267,1428.649359426452,0.2,17.72878298908479,-4.135064087157116
1268,1421.785341411845,0.2,17.978782992065025,-4.821465888617832
1269,1415.3307390408968,0.2,18.228782995045258,-5.466926125712644
1270,1409.872069737941,0.2,18.47878299802549,-6.012793056008218
1271,1405.3334141490448,0.2,18.728783001005723,-6.466658614897847
1272,1402.6440855695967,0.2,18.978783003985956,-6.735591472842657
1273,1402.9816979968386,0.2,19.128783006966188,-6.701830230118458
1274,1405.8627465706973,-0.06945985,19.00932315886028,-5.108323823989349
1275,1410.6925740250447,-0.2,18.759323155880047,-5.930742627297855
1276,1416.9269697136647,-0.2,18.509323152899814,-5.3073030584358545
1277,1424.1287144249977,-0.2,18.25932314991958,-4.58712858730255
1278,1431.93565690888,-0.2,18.009323146939348,-3.8064343389143236
1279,1440.0402970125479,-0.2,17.759323143959115,-2.995970328547537
1280,1448.1775349754016,-0.2,17.509323140978882,2.8177534677378393
1281,1456.1177817515713,-0.2,17.25932313799865,-2.6117782049594553
1282,1463.6633237036608,-0.2,17.009323135018416,-3.366332400168403
1283,1470.6464617863442,-0.2,16.759323132038183,-4.064646208436739
1284,1476.928442125573,-0.2,16.50932312905795,-4.692844242359616
1285,1481.8136208162725,-0.2,16.259323126077717,-5.181362111429576
1286,1483.8651539503535,-0.2,16.109323123097486,-5.386515424837672
1287,1482.6652684541416,-0.2,15.959323120117254,-5.266526875216482
1288,1478.822728527683,-0.030540153,15.978782966733046,-3.187674386610388
1289,1473.1652883022552,0.2,16.22878296971328,-4.316528860027848
1290,1466.3600327839438,0.2,16.478782972693512,-3.6360033081967007
1291,1458.907773994044,0.2,16.728782975673745,-2.890777429206719
1292,1451.1796151974306,0.2,16.978782978653978,2.8820384504546155
1293,1443.445099656786,0.2,17.22878298163421,-2.655490064123728
1294,1435.8934223840608,0.2,17.478782984614444,-3.4106577913962384
1295,1428.649361397528,0.2,17.728782987594677,-4.135063890049514
1296,1421.7853433457526,0.2,17.97878299057491,-4.821465695227062
1297,1415.3307409369752,0.2,18.228782993555143,-5.466925936104804
1298,1409.8720715967593,0.2,18.478782996535376,-6.012792870126396
1299,1405.333415972021,0.2,18.72878299951561,-6.466658432600229
1300,1402.6440872234,0.2,18.97878300249584,-6.7355913074623235
1301,1402.9816994945545,0.2,19.128783005476073,-6.701830080346872
1302,1405.8627478982842,-0.06945991,19.00932309776552,-5.108324287277106
1303,1410.6925751402646,-0.2,18.759323094785287,-5.930742515775865
1304,1416.9269705859958,-0.2,18.509323091805054,-5.3073029712027395
1305,1424.1287150309558,-0.2,18.25932308882482,-4.5871285267067385
1306,1431.9356572293145,-0.2,18.00932308584459,-3.8064343068708695
1307,1440.0402970313135,-0.2,17.759323082864356,-2.9959703266709767
1308,1448.1775346788997,-0.2,17.509323079884123,2.817753438087652
1309,1456.1177811287866,-0.2,17.25932307690389,-2.611778142680987
1310,1463.6633227464258,-0.2,17.009323073923657,-3.3663323044449047
1311,1470.646460489659,-0.2,16.759323070943424,-4.064646078768215
1312,1476.9284404878745,-0.2,16.50932306796319,-4.692844078589769
1313,1481.8136188416709,-0.2,16.259323064982958,-5.1813619139694085
1314,1483.865151310895,-0.2,16.109323062002726,-5.386515160891827
1315,1482.6652652070022,-0.2,15.959323059022495,-5.266526550502545
1316,1478.8227248262667,-0.030540083,15.978782976418803,-3.1876733086636024
1317,1473.1652842798712,0.2,16.228782979399035,-4.316528457789445
1318,1466.3600285426944,0.2,16.47878298237927,-3.6360028840717633
1319,1458.907769611403,0.2,16.7287829853595,-2.890776990942618
1320,1451.1796107316184,0.2,16.978782988339734,2.882038897035841
1321,1443.4450951509864,0.2,17.228782991319967,-2.6554905147036836
1322,1435.8934178696825,0.2,17.4787829943002,-3.4106582428340744
1323,1428.649356896722,0.2,17.728782997280433,-4.1350643401301115
1324,1421.7853388733706,0.2,17.978783000260666,-4.82146614246526
1325,1415.3307365021076,0.2,18.2287830032409,-5.466926379591564
1326,1409.8720672039992,0.2,18.478783006221132,-6.0127933094024
1327,1405.3334116224994,0.2,18.728783009201365,-6.466658867552383
1328,1402.6440833444644,0.2,18.978783012181598,-6.735591695355879
1329,1402.9816960496266,0.2,19.12878301516183,-6.701830424839659
1330,1405.8627448596067,-0.06945989,19.009323122352438,-5.108324442133244
1331,1410.6925724896398,-0.2,18.759323119372205,-5.930742780838341
1332,1416.926968304854,-0.2,18.509323116391972,-5.307303199316925
1333,1424.128713101469,-0.2,18.25932311341174,-4.587128719655425
1334,1431.935655634888,-0.2,18.009323110431506,-3.8064344663135214
1335,1440.0402957566637,-0.2,17.759323107451273,-2.9959704541359544
1336,1448.1775337098873,-0.2,17.50932310447104,2.8177533411864033
1337,1456.1177804521287,-0.2,17.259323101490807,-2.611778075015195
1338,1463.6633223493727,-0.2,17.009323098510574,-3.3663322647395946
1339,1470.6464603596878,-0.2,16.75932309553034,-4.064646065771104
1340,1476.9284406124323,-0.2,16.509323092550108,-4.692844091045549
1341,1481.813619207126,-0.2,16.259323089569875,-5.18136195051493
1342,1483.8651519859106,-0.2,16.109323086589644,-5.386515228393387
1343,1482.665266164146,-0.2,15.959323083609412,-5.266526646216926
1344,1478.8227259782373,-0.030540127,15.978782956302236,-3.187673870895492
1345,1473.165285552415,0.2,16.22878295928247,-4.31652858504383
1346,1466.3600298800595,0.2,16.478782962262702,-3.6360030178082754
1347,1458.9077709722899,0.2,16.728782965242935,-2.8907771270313107
1348,1451.1796120859742,0.2,16.978782968223168,2.8820387616002563
1349,1443.445096477556,0.2,17.2287829712034,-2.655490382046719
1350,1435.8934191541603,0.2,17.478782974183634,-3.4106581143862966
1351,1428.6493581303544,0.2,17.728782977163867,-4.135064216766887
1352,1421.7853400518877,0.2,17.9787829801441,-4.821466024613551
1353,1415.330737624892,0.2,18.228782983124333,-5.4669262673131245
1354,1409.8720682729383,0.2,18.478782986104566,-6.012793202508488
1355,1405.3334126419488,0.2,18.7287829890848,-6.46665876560744
1356,1402.6440840492244,0.2,18.97878299206503,-6.735591624879885
1357,1402.9816964666682,0.2,19.128782995045263,-6.7018303831355075
1358,1405.8627450332037,-0.06945985,19.009323146939355,-5.108323977738701
1359,1410.6925724812422,-0.2,18.759323143959122,-5.9307427816781
1360,1416.9269681633302,-0.2,18.50932314097889,-5.3073032134693
1361,1424.1287128668914,-0.2,18.259323137998656,-4.587128743113181
1362,1431.9356553410291,-0.2,18.009323135018423,-3.806434495699409
1363,1440.0402954325398,-0.2,17.75932313203819,-2.9959704865483445
1364,1448.177533380656,-0.2,17.509323129057957,2.8177533082632866
1365,1456.1177801395797,-0.2,17.259323126077724,-2.611778043760296
1366,1463.6633220721826,-0.2,17.00932312309749,-3.3663322370205835
1367,1470.6464601335592,-0.2,16.75932312011726,-4.064646043158246
1368,1476.9284404501902,-0.2,16.509323117137026,-4.6928440748213465
1369,1481.8136191180467,-0.2,16.259323114156793,-5.181361941606998
1370,1483.865152231333,-0.2,16.10932311117656,-5.386515252935624
1371,1482.6652667173546,-0.2,15.95932310819633,-5.266526701537782
1372,1478.8227267769403,-0.030540153,15.978782954812122,-3.1876742115361143
1373,1473.165286541712,0.2,16.228782957792355,-4.316528683973525
1374,1466.3600310168197,0.2,16.478782960772588,-3.6360031314842898
1375,1458.9077722227632,0.2,16.72878296375282,-2.8907772520786468
1376,1451.179613423821,0.2,16.978782966733053,2.8820386278155867
1377,1443.4450978822838,0.2,17.228782969713286,-2.6554902415739434
1378,1435.8934206099043,0.2,17.47878297269352,-3.4106579688118925
1379,1428.6493596249245,0.2,17.728782975673752,-4.135064067309873
1380,1421.7853415760205,0.2,17.978782978653985,-4.821465872200269
1381,1415.3307391716567,0.2,18.228782981634218,-5.466926112636656
1382,1409.8720698373113,0.2,18.47878298461445,-6.0127930460711925
1383,1405.3334142203364,0.2,18.728782987594684,-6.466658607768681
1384,1402.6440854812413,0.2,18.978782990574917,-6.735591481678194
1385,1402.981697763144,0.2,19.12878299355515,-6.701830253487924
1386,1405.8627462044708,-0.06945985,19.00932314544924,-5.108323860611995
1387,1410.6925735370264,-0.2,18.759323142469007,-5.930742676099681
1388,1416.9269691126874,-0.2,18.509323139488775,-5.307303118533582
1389,1424.1287137181832,-0.2,18.25932313650854,-4.587128657984
1390,1431.9356561019374,-0.2,18.00932313352831,-3.806434419608581
1391,1440.0402961101067,-0.2,17.759323130548076,-2.9959704187916487
1392,1448.1775339813387,-0.2,17.509323127567843,2.8177533683315463
1393,1456.1177806693083,-0.2,17.25932312458761,-2.6117780967331554
1394,1463.6633225364205,-0.2,17.009323121607377,-3.3663322834443763
1395,1470.6464605373578,-0.2,16.759323118627144,-4.064646083538105
1396,1476.9284407982384,-0.2,16.50932311564691,-4.692844109626162
1397,1481.8136194147637,-0.2,16.259323112666678,-5.181361971278694
1398,1483.8651524810539,-0.2,16.109323109686446,-5.38651527790771
1399,1482.6652669242076,-0.2,15.959323106706215,-5.26652672222308
1400,1478.8227269746944,-0.030540131,15.978782975673749,-3.1876740077941124
1401,1473.1652867576913,0.2,16.22878297865398,-4.3165287055714545
1402,1466.3600312703331,0.2,16.478782981634215,-3.6360031568356366
1403,1458.9077725269992,0.2,16.728782984614448,-2.8907772825022446
1404,1451.1796137872627,0.2,16.97878298759468,2.882038591471405
1405,1443.4450983097347,0.2,17.228782990574913,-2.655490198828852
1406,1435.8934211032208,0.2,17.478782993555146,-3.410657919480241
1407,1428.6493601835434,0.2,17.72878299653538,-4.13506401144798
1408,1421.7853421973446,0.2,17.978782999515612,-4.821465810067867
1409,1415.3307398513477,0.2,18.228783002495845,-5.466926044667549
1410,1409.8720705701217,0.2,18.478783005476078,-6.012792972790158
1411,1405.3334149996383,0.2,18.72878300845631,-6.466658529838492
1412,1402.6440864355304,0.2,18.978783011436544,-6.73559138624928
1413,1402.981698875531,0.2,19.128783014416776,-6.701830142249219
1414,1405.8627474535867,-0.06945986,19.009323151409706,-5.108323884712013
1415,1410.6925748976373,-0.2,18.759323148429473,-5.930742540038591
1416,1416.9269705653915,-0.2,18.50932314544924,-5.307302973263177
1417,1424.128715247915,-0.2,18.259323142469007,-4.587128505010833
1418,1431.9356576968116,-0.2,18.009323139488775,-3.8064342601211596
1419,1440.0402977605588,-0.2,17.75932313650854,-2.995970253746441
1420,1448.1775356794958,-0.2,17.50932313352831,2.817753538147258
1421,1456.117782408534,-0.2,17.259323130548076,-2.6117782706557136
1422,1463.663324310983,-0.2,17.009323127567843,-3.366332460900617
1423,1470.646462342191,-0.2,16.75932312458761,-4.064646264021417
1424,1476.9284426287668,-0.2,16.509323121607377,-4.692844292679002
1425,1481.813621266503,-0.2,16.259323118627144,-5.181362156452633
1426,1483.8651542629143,-0.2,16.109323115646912,-5.386515456093752
1427,1482.6652686400776,-0.2,15.95932311266668,-5.266526893810078
1428,1478.8227286278982,-0.030540131,15.978782981634215,-3.1876741731144875
1429,1473.1652883511993,0.2,16.228782984614448,-4.3165288649222475
1430,1466.3600328073717,0.2,16.47878298759468,-3.6360033105394907
1431,1458.9077740109508,0.2,16.728782990574913,-2.8907774308974012
1432,1451.1796152215466,0.2,16.978782993555146,2.882038448043022
1433,1443.4450996976948,0.2,17.22878299653538,-2.655490060032844
1434,1435.893422448029,0.2,17.478782999515612,-3.410657784999421
1435,1428.6493614881206,0.2,17.728783002495845,-4.1350638809902645
1436,1421.7853434642996,0.2,17.978783005476078,-4.821465683372367
1437,1415.3307410829325,0.2,18.22878300845631,-5.466925921509073
1438,1409.8720717684023,0.2,18.478783011436544,-6.012792852962093
1439,1405.3334161662428,0.2,18.728783014416777,-6.466658413178038
1440,1402.6440875719509,0.2,18.97878301739701,-6.735591272607235
1441,1402.9816999833406,0.2,19.12878302037724,-6.701830031468262
1442,1405.8627485015854,-0.06945994,19.009323082864366,-5.108324524970203
1443,1410.69257582087,-0.2,18.759323079884133,-5.930742447715329
1444,1416.926971314994,-0.2,18.5093230769039,-5.307302898302919
1445,1424.1287157851764,-0.2,18.259323073923667,-4.587128451284684
1446,1431.9356579896287,-0.2,18.009323070943434,-3.8064342308394545
1447,1440.0402977815759,-0.2,17.7593230679632,-2.995970251644735
1448,1448.1775354053284,-0.2,17.50932306498297,2.817753510730517
1449,1456.1177818196197,-0.2,17.259323062002736,-2.6117782117642947
1450,1463.663323391742,-0.2,17.009323059022503,-3.366332368976532
1451,1470.646461081282,-0.2,16.75932305604227,-4.064646137930527
1452,1476.9284410193095,-0.2,16.509323053062037,-4.692844131733272
1453,1481.8136193084995,-0.2,16.259323050081804,-5.181361960652271
1454,1483.8651515402244,-0.2,16.109323047101572,-5.386515183824759
1455,1482.6652652177224,-0.2,15.95932304412134,-5.266526551574566
1456,1478.8227246872925,-0.030540045,15.978782998770551,-3.1876729222371525
1457,1473.1652840495117,0.2,16.228783001750784,-4.316528434753491
1458,1466.3600282646344,0.2,16.478783004731017,-3.636002856265759
1459,1458.907769317938,0.2,16.72878300771125,-2.8907769615961114
1460,1451.1796104461732,0.2,16.978783010691483,2.882038925580355
1461,1443.4450948900114,0.2,17.228783013671716,-2.6554905408011793
1462,1435.8934176440669,0.2,17.47878301665195,-3.4106582653956368
1463,1428.6493567128502,0.2,17.728783019632182,-4.1350643585172975
1464,1421.7853387339242,0.2,17.978783022612415,-4.821466156409906
1465,1415.3307364066873,0.2,18.228783025592648,-5.4669263891335955
1466,1409.8720671502156,0.2,18.47878302857288,-6.012793314780765
1467,1405.3334116057429,0.2,18.728783031553114,-6.466658869228036
1468,1402.6440835848525,0.2,18.978783034533347,-6.73559167131707
1469,1402.9816965240832,0.2,19.12878303751358,-6.701830377394003
1470,1405.8627455474918,-0.06945989,19.009323144704187,-5.108324373344726
1471,1410.6925733737012,-0.2,18.759323141723954,-5.930742692432204
1472,1416.926969370962,-0.2,18.50932313874372,-5.307303092706116
1473,1424.128714338296,-0.2,18.259323135763488,-4.587128595972718
1474,1431.9356570334141,-0.2,18.009323132783255,-3.806434326460908
1475,1440.0402973096254,-0.2,17.759323129803022,-2.9959702988397794
1476,1448.177535411237,-0.2,17.50932312682279,2.8177535113213708
1477,1456.1177822965406,-0.2,17.259323123842556,-2.611778259456378
1478,1463.66332433182,-0.2,17.009323120862323,-3.3663324629843148
1479,1470.6464624750997,-0.2,16.75932311788209,-4.0646462773122956
1480,1476.9284428554333,-0.2,16.509323114901857,-4.692844315345656
1481,1481.8136215710217,-0.2,16.259323111921624,-5.181362186904494
1482,1483.865154460301,-0.2,16.109323108941393,-5.386515475832425
1483,1482.6652687373225,-0.2,15.959323105961161,-5.266526903534578
1484,1478.8227286374956,-0.030540127,15.978782978653985,-3.187674136821329
1485,1473.1652882848364,0.2,16.228782981634218,-4.3165288582859604
1486,1466.360032674886,0.2,16.47878298461445,-3.6360032972909266
1487,1458.907773820636,0.2,16.728782987594684,-2.890777411865929
1488,1451.1796149804313,0.2,16.978782990574917,2.8820384721545453
1489,1443.4450994117808,0.2,17.22878299355515,-2.655490088624242
1490,1435.893422122491,0.2,17.478782996535383,-3.410657817553215
1491,1428.649361127472,0.2,17.728782999515616,-4.135063917055118
1492,1421.7853430725281,0.2,17.97878300249585,-4.82146572254951
1493,1415.3307406636125,0.2,18.22878300547608,-5.466925963441076
1494,1409.872071324678,0.2,18.478783008456315,-6.012792897334521
1495,1405.3334157010322,0.2,18.728783011436548,-6.466658459699102
1496,1402.6440871104069,0.2,18.97878301441678,-6.735591318761635
1497,1402.9816995258884,0.2,19.128783017397012,-6.701830077213481
1498,1405.8627480483995,-0.06945994,19.009323079884137,-5.108324570288801
1499,1410.6925753717646,-0.2,18.759323076903904,-5.930742492625859
